observation_date,USEPUINDXD
2012-01-01,419.03
2012-01-02,217.29
2012-01-03,200.32
2012-01-04,159.76
2012-01-05,92.24
2012-01-06,134.12
2012-01-07,108.81
2012-01-08,218.93
2012-01-09,126.95
2012-01-10,84.34
2012-01-11,168.32
2012-01-12,111.69
2012-01-13,162.32
2012-01-14,55.13
2012-01-15,175.45
2012-01-16,128.39
2012-01-17,147.06
2012-01-18,103.11
2012-01-19,185.30
2012-01-20,118.88
2012-01-21,183.79
2012-01-22,233.12
2012-01-23,158.58
2012-01-24,163.32
2012-01-25,284.94
2012-01-26,124.86
2012-01-27,94.26
2012-01-28,71.47
2012-01-29,191.71
2012-01-30,125.16
2012-01-31,92.52
2012-02-01,123.13
2012-02-02,103.72
2012-02-03,145.63
2012-02-04,89.01
2012-02-05,138.03
2012-02-06,153.87
2012-02-07,103.69
2012-02-08,106.66
2012-02-09,93.89
2012-02-10,168.02
2012-02-11,76.07
2012-02-12,133.04
2012-02-13,91.89
2012-02-14,122.49
2012-02-15,65.95
2012-02-16,128.40
2012-02-17,180.16
2012-02-18,92.34
2012-02-19,155.64
2012-02-20,128.48
2012-02-21,109.80
2012-02-22,119.14
2012-02-23,58.20
2012-02-24,66.25
2012-02-25,133.22
2012-02-26,168.38
2012-02-27,87.58
2012-02-28,73.57
2012-02-29,51.90
2012-03-01,91.38
2012-03-02,66.24
2012-03-03,76.54
2012-03-04,93.62
2012-03-05,74.99
2012-03-06,73.46
2012-03-07,90.74
2012-03-08,54.01
2012-03-09,76.37
2012-03-10,77.02
2012-03-11,134.93
2012-03-12,130.28
2012-03-13,59.01
2012-03-14,101.42
2012-03-15,83.56
2012-03-16,106.65
2012-03-17,92.84
2012-03-18,99.13
2012-03-19,105.58
2012-03-20,63.51
2012-03-21,66.71
2012-03-22,75.81
2012-03-23,74.64
2012-03-24,98.86
2012-03-25,116.13
2012-03-26,135.98
2012-03-27,84.91
2012-03-28,80.81
2012-03-29,99.07
2012-03-30,131.30
2012-03-31,82.22
2012-04-01,140.79
2012-04-02,71.20
2012-04-03,117.31
2012-04-04,78.88
2012-04-05,58.01
2012-04-06,73.89
2012-04-07,129.18
2012-04-08,111.03
2012-04-09,87.04
2012-04-10,78.05
2012-04-11,167.23
2012-04-12,43.06
2012-04-13,63.72
2012-04-14,52.98
2012-04-15,124.56
2012-04-16,78.95
2012-04-17,82.11
2012-04-18,90.56
2012-04-19,89.96
2012-04-20,35.44
2012-04-21,48.26
2012-04-22,104.53
2012-04-23,61.67
2012-04-24,199.47
2012-04-25,87.50
2012-04-26,89.07
2012-04-27,177.79
2012-04-28,83.24
2012-04-29,111.33
2012-04-30,111.81
2012-05-01,91.67
2012-05-02,125.35
2012-05-03,81.30
2012-05-04,87.03
2012-05-05,114.87
2012-05-06,146.40
2012-05-07,164.79
2012-05-08,218.27
2012-05-09,159.06
2012-05-10,72.03
2012-05-11,81.38
2012-05-12,79.63
2012-05-13,176.18
2012-05-14,124.65
2012-05-15,146.71
2012-05-16,117.36
2012-05-17,93.44
2012-05-18,130.74
2012-05-19,119.13
2012-05-20,158.16
2012-05-21,206.00
2012-05-22,129.21
2012-05-23,93.86
2012-05-24,99.17
2012-05-25,106.54
2012-05-26,119.47
2012-05-27,109.08
2012-05-28,80.70
2012-05-29,111.45
2012-05-30,75.26
2012-05-31,108.36
2012-06-01,169.40
2012-06-02,289.70
2012-06-03,265.21
2012-06-04,173.04
2012-06-05,101.15
2012-06-06,148.17
2012-06-07,151.88
2012-06-08,127.91
2012-06-09,93.17
2012-06-10,179.49
2012-06-11,160.88
2012-06-12,92.04
2012-06-13,142.39
2012-06-14,76.57
2012-06-15,218.00
2012-06-16,252.70
2012-06-17,185.89
2012-06-18,191.92
2012-06-19,133.65
2012-06-20,162.54
2012-06-21,162.47
2012-06-22,202.50
2012-06-23,71.63
2012-06-24,200.69
2012-06-25,167.88
2012-06-26,91.77
2012-06-27,190.31
2012-06-28,158.77
2012-06-29,304.81
2012-06-30,222.24
2012-07-01,187.35
2012-07-02,147.52
2012-07-03,104.67
2012-07-04,167.88
2012-07-05,108.29
2012-07-06,145.09
2012-07-07,232.38
2012-07-08,189.02
2012-07-09,142.06
2012-07-10,251.27
2012-07-11,268.08
2012-07-12,184.75
2012-07-13,278.29
2012-07-14,191.24
2012-07-15,175.60
2012-07-16,212.41
2012-07-17,205.58
2012-07-18,213.86
2012-07-19,168.71
2012-07-20,172.74
2012-07-21,187.06
2012-07-22,182.35
2012-07-23,157.65
2012-07-24,139.34
2012-07-25,134.93
2012-07-26,68.36
2012-07-27,128.12
2012-07-28,115.78
2012-07-29,182.58
2012-07-30,166.93
2012-07-31,109.48
2012-08-01,138.78
2012-08-02,130.32
2012-08-03,168.04
2012-08-04,248.31
2012-08-05,250.05
2012-08-06,143.81
2012-08-07,141.07
2012-08-08,86.84
2012-08-09,90.46
2012-08-10,100.51
2012-08-11,139.86
2012-08-12,243.35
2012-08-13,177.44
2012-08-14,168.47
2012-08-15,135.19
2012-08-16,148.34
2012-08-17,114.42
2012-08-18,134.55
2012-08-19,187.33
2012-08-20,110.74
2012-08-21,110.31
2012-08-22,104.40
2012-08-23,132.50
2012-08-24,203.40
2012-08-25,132.36
2012-08-26,157.88
2012-08-27,118.65
2012-08-28,102.07
2012-08-29,110.02
2012-08-30,149.59
2012-08-31,259.97
2012-09-01,131.72
2012-09-02,152.36
2012-09-03,134.67
2012-09-04,117.10
2012-09-05,140.89
2012-09-06,135.68
2012-09-07,195.50
2012-09-08,90.85
2012-09-09,161.35
2012-09-10,125.36
2012-09-11,68.01
2012-09-12,121.80
2012-09-13,150.37
2012-09-14,212.66
2012-09-15,187.60
2012-09-16,122.14
2012-09-17,112.47
2012-09-18,170.21
2012-09-19,174.22
2012-09-20,133.41
2012-09-21,152.08
2012-09-22,137.51
2012-09-23,217.75
2012-09-24,203.28
2012-09-25,126.11
2012-09-26,105.56
2012-09-27,79.76
2012-09-28,159.61
2012-09-29,161.08
2012-09-30,217.00
2012-10-01,178.17
2012-10-02,138.68
2012-10-03,152.28
2012-10-04,108.30
2012-10-05,208.37
2012-10-06,87.67
2012-10-07,207.07
2012-10-08,130.89
2012-10-09,118.20
2012-10-10,129.14
2012-10-11,127.14
2012-10-12,114.50
2012-10-13,111.03
2012-10-14,156.42
2012-10-15,197.95
2012-10-16,199.82
2012-10-17,196.86
2012-10-18,205.58
2012-10-19,170.07
2012-10-20,178.57
2012-10-21,250.82
2012-10-22,155.59
2012-10-23,113.57
2012-10-24,118.63
2012-10-25,128.87
2012-10-26,210.63
2012-10-27,142.45
2012-10-28,215.73
2012-10-29,235.95
2012-10-30,182.04
2012-10-31,141.64
2012-11-01,196.81
2012-11-02,82.44
2012-11-03,224.11
2012-11-04,212.98
2012-11-05,225.43
2012-11-06,195.50
2012-11-07,358.00
2012-11-08,241.14
2012-11-09,278.07
2012-11-10,225.13
2012-11-11,265.14
2012-11-12,188.45
2012-11-13,207.36
2012-11-14,213.51
2012-11-15,195.26
2012-11-16,194.72
2012-11-17,119.39
2012-11-18,241.26
2012-11-19,203.57
2012-11-20,192.60
2012-11-21,159.80
2012-11-22,69.91
2012-11-23,272.90
2012-11-24,190.85
2012-11-25,283.55
2012-11-26,212.05
2012-11-27,177.67
2012-11-28,152.15
2012-11-29,214.40
2012-11-30,251.56
2012-12-01,121.33
2012-12-02,177.86
2012-12-03,174.34
2012-12-04,243.44
2012-12-05,182.40
2012-12-06,244.15
2012-12-07,194.02
2012-12-08,194.39
2012-12-09,221.87
2012-12-10,166.13
2012-12-11,316.27
2012-12-12,161.39
2012-12-13,231.84
2012-12-14,162.65
2012-12-15,128.86
2012-12-16,293.93
2012-12-17,230.80
2012-12-18,136.60
2012-12-19,77.04
2012-12-20,146.83
2012-12-21,188.68
2012-12-22,188.83
2012-12-23,242.39
2012-12-24,236.44
2012-12-25,151.10
2012-12-26,231.81
2012-12-27,350.12
2012-12-28,251.11
2012-12-29,346.49
2012-12-30,321.81
2012-12-31,249.99
2013-01-01,548.47
2013-01-02,329.02
2013-01-03,366.82
2013-01-04,287.90
2013-01-05,272.15
2013-01-06,353.90
2013-01-07,242.97
2013-01-08,113.90
2013-01-09,101.68
2013-01-10,96.78
2013-01-11,196.09
2013-01-12,85.22
2013-01-13,159.23
2013-01-14,170.10
2013-01-15,133.24
2013-01-16,188.22
2013-01-17,131.98
2013-01-18,247.95
2013-01-19,346.93
2013-01-20,170.57
2013-01-21,332.22
2013-01-22,150.73
2013-01-23,168.82
2013-01-24,166.64
2013-01-25,174.97
2013-01-26,127.03
2013-01-27,135.84
2013-01-28,103.21
2013-01-29,140.52
2013-01-30,154.76
2013-01-31,126.24
2013-02-01,124.41
2013-02-02,157.19
2013-02-03,243.55
2013-02-04,154.01
2013-02-05,108.14
2013-02-06,112.99
2013-02-07,91.62
2013-02-08,72.22
2013-02-09,66.61
2013-02-10,87.64
2013-02-11,75.91
2013-02-12,106.26
2013-02-13,112.16
2013-02-14,94.18
2013-02-15,164.94
2013-02-16,131.23
2013-02-17,184.96
2013-02-18,136.77
2013-02-19,72.63
2013-02-20,95.67
2013-02-21,153.96
2013-02-22,134.46
2013-02-23,122.93
2013-02-24,237.51
2013-02-25,267.23
2013-02-26,335.75
2013-02-27,186.20
2013-02-28,234.74
2013-03-01,324.04
2013-03-02,202.86
2013-03-03,122.32
2013-03-04,160.70
2013-03-05,144.85
2013-03-06,172.55
2013-03-07,100.39
2013-03-08,95.85
2013-03-09,233.70
2013-03-10,136.13
2013-03-11,117.47
2013-03-12,111.62
2013-03-13,122.09
2013-03-14,58.06
2013-03-15,104.12
2013-03-16,77.03
2013-03-17,148.54
2013-03-18,115.79
2013-03-19,130.57
2013-03-20,144.81
2013-03-21,156.20
2013-03-22,105.79
2013-03-23,109.54
2013-03-24,126.08
2013-03-25,178.57
2013-03-26,163.29
2013-03-27,177.06
2013-03-28,72.92
2013-03-29,90.71
2013-03-30,115.02
2013-03-31,154.03
2013-04-01,104.12
2013-04-02,86.12
2013-04-03,85.68
2013-04-04,101.29
2013-04-05,104.65
2013-04-06,138.62
2013-04-07,123.55
2013-04-08,64.04
2013-04-09,68.93
2013-04-10,145.88
2013-04-11,55.27
2013-04-12,42.73
2013-04-13,84.41
2013-04-14,114.58
2013-04-15,138.99
2013-04-16,27.22
2013-04-17,86.66
2013-04-18,51.21
2013-04-19,57.50
2013-04-20,83.67
2013-04-21,106.18
2013-04-22,64.71
2013-04-23,111.75
2013-04-24,126.26
2013-04-25,44.58
2013-04-26,92.18
2013-04-27,59.83
2013-04-28,115.63
2013-04-29,107.23
2013-04-30,81.56
2013-05-01,74.13
2013-05-02,101.98
2013-05-03,104.35
2013-05-04,91.00
2013-05-05,103.25
2013-05-06,68.88
2013-05-07,110.22
2013-05-08,60.31
2013-05-09,30.12
2013-05-10,65.03
2013-05-11,95.81
2013-05-12,100.52
2013-05-13,51.80
2013-05-14,166.99
2013-05-15,60.66
2013-05-16,75.24
2013-05-17,27.77
2013-05-18,93.67
2013-05-19,96.28
2013-05-20,76.24
2013-05-21,54.39
2013-05-22,78.07
2013-05-23,68.76
2013-05-24,75.95
2013-05-25,50.14
2013-05-26,109.35
2013-05-27,87.19
2013-05-28,56.65
2013-05-29,69.87
2013-05-30,58.20
2013-05-31,66.84
2013-06-01,68.25
2013-06-02,65.50
2013-06-03,85.84
2013-06-04,60.51
2013-06-05,63.07
2013-06-06,60.60
2013-06-07,63.43
2013-06-08,101.54
2013-06-09,72.35
2013-06-10,76.66
2013-06-11,83.91
2013-06-12,81.19
2013-06-13,48.34
2013-06-14,89.93
2013-06-15,52.02
2013-06-16,102.86
2013-06-17,108.54
2013-06-18,96.83
2013-06-19,117.49
2013-06-20,58.60
2013-06-21,89.92
2013-06-22,67.01
2013-06-23,62.97
2013-06-24,79.15
2013-06-25,69.15
2013-06-26,74.89
2013-06-27,65.35
2013-06-28,116.34
2013-06-29,145.73
2013-06-30,122.13
2013-07-01,78.43
2013-07-02,89.93
2013-07-03,74.91
2013-07-04,116.71
2013-07-05,191.82
2013-07-06,186.17
2013-07-07,190.28
2013-07-08,153.37
2013-07-09,142.43
2013-07-10,64.98
2013-07-11,26.79
2013-07-12,50.01
2013-07-13,59.42
2013-07-14,97.13
2013-07-15,75.52
2013-07-16,90.59
2013-07-17,70.45
2013-07-18,46.82
2013-07-19,87.73
2013-07-20,29.45
2013-07-21,89.47
2013-07-22,177.90
2013-07-23,63.97
2013-07-24,107.63
2013-07-25,57.31
2013-07-26,28.78
2013-07-27,58.63
2013-07-28,96.41
2013-07-29,133.04
2013-07-30,76.21
2013-07-31,77.62
2013-08-01,92.95
2013-08-02,57.34
2013-08-03,117.54
2013-08-04,116.55
2013-08-05,65.12
2013-08-06,60.63
2013-08-07,100.46
2013-08-08,83.30
2013-08-09,99.01
2013-08-10,137.39
2013-08-11,145.71
2013-08-12,80.69
2013-08-13,82.77
2013-08-14,65.28
2013-08-15,43.95
2013-08-16,76.50
2013-08-17,67.78
2013-08-18,121.14
2013-08-19,136.62
2013-08-20,111.56
2013-08-21,96.17
2013-08-22,89.29
2013-08-23,45.99
2013-08-24,106.31
2013-08-25,124.21
2013-08-26,124.03
2013-08-27,86.16
2013-08-28,64.04
2013-08-29,87.64
2013-08-30,91.16
2013-08-31,101.91
2013-09-01,100.75
2013-09-02,137.60
2013-09-03,168.05
2013-09-04,133.57
2013-09-05,121.68
2013-09-06,174.48
2013-09-07,179.74
2013-09-08,95.48
2013-09-09,59.96
2013-09-10,53.00
2013-09-11,96.02
2013-09-12,59.84
2013-09-13,39.94
2013-09-14,91.28
2013-09-15,83.42
2013-09-16,149.94
2013-09-17,127.79
2013-09-18,84.39
2013-09-19,87.37
2013-09-20,160.51
2013-09-21,230.70
2013-09-22,115.33
2013-09-23,105.52
2013-09-24,127.69
2013-09-25,134.20
2013-09-26,83.62
2013-09-27,91.83
2013-09-28,124.00
2013-09-29,127.01
2013-09-30,156.80
2013-10-01,271.77
2013-10-02,205.03
2013-10-03,142.62
2013-10-04,187.28
2013-10-05,170.83
2013-10-06,173.15
2013-10-07,135.95
2013-10-08,198.47
2013-10-09,164.69
2013-10-10,208.16
2013-10-11,197.50
2013-10-12,173.80
2013-10-13,255.14
2013-10-14,317.57
2013-10-15,311.33
2013-10-16,302.38
2013-10-17,323.65
2013-10-18,199.23
2013-10-19,151.96
2013-10-20,152.96
2013-10-21,10.92
2013-10-22,101.82
2013-10-23,172.74
2013-10-24,85.92
2013-10-25,125.94
2013-10-26,75.55
2013-10-27,145.56
2013-10-28,87.68
2013-10-29,168.70
2013-10-30,178.66
2013-10-31,67.75
2013-11-01,45.43
2013-11-02,118.26
2013-11-03,146.81
2013-11-04,146.15
2013-11-05,63.38
2013-11-06,57.22
2013-11-07,46.97
2013-11-08,84.94
2013-11-09,116.91
2013-11-10,77.95
2013-11-11,179.62
2013-11-12,7.71
2013-11-13,55.90
2013-11-14,48.95
2013-11-15,68.24
2013-11-16,85.40
2013-11-17,86.17
2013-11-18,98.11
2013-11-19,83.02
2013-11-20,94.99
2013-11-21,92.72
2013-11-22,67.16
2013-11-23,26.78
2013-11-24,94.28
2013-11-25,138.46
2013-11-26,36.52
2013-11-27,41.47
2013-11-28,116.17
2013-11-29,95.19
2013-11-30,93.59
2013-12-01,119.23
2013-12-02,115.32
2013-12-03,103.28
2013-12-04,98.29
2013-12-05,71.41
2013-12-06,59.69
2013-12-07,77.94
2013-12-08,72.95
2013-12-09,67.72
2013-12-10,98.47
2013-12-11,101.72
2013-12-12,110.87
2013-12-13,127.96
2013-12-14,105.51
2013-12-15,96.72
2013-12-16,100.86
2013-12-17,99.02
2013-12-18,97.71
2013-12-19,152.19
2013-12-20,52.07
2013-12-21,64.44
2013-12-22,158.54
2013-12-23,75.16
2013-12-24,29.66
2013-12-25,50.02
2013-12-26,33.17
2013-12-27,71.17
2013-12-28,70.37
2013-12-29,121.37
2013-12-30,86.24
2013-12-31,130.03
2014-01-01,173.05
2014-01-02,103.08
2014-01-03,113.11
2014-01-04,77.86
2014-01-05,144.91
2014-01-06,121.14
2014-01-07,93.88
2014-01-08,106.42
2014-01-09,60.31
2014-01-10,67.96
2014-01-11,63.29
2014-01-12,130.09
2014-01-13,100.01
2014-01-14,57.03
2014-01-15,67.70
2014-01-16,80.94
2014-01-17,66.52
2014-01-18,36.74
2014-01-19,54.61
2014-01-20,118.21
2014-01-21,93.53
2014-01-22,141.56
2014-01-23,92.85
2014-01-24,84.12
2014-01-25,70.48
2014-01-26,98.10
2014-01-27,75.34
2014-01-28,162.84
2014-01-29,178.46
2014-01-30,86.19
2014-01-31,44.12
2014-02-01,20.22
2014-02-02,60.30
2014-02-03,77.68
2014-02-04,72.24
2014-02-05,103.64
2014-02-06,137.27
2014-02-07,71.97
2014-02-08,49.83
2014-02-09,81.59
2014-02-10,67.15
2014-02-11,78.69
2014-02-12,50.56
2014-02-13,55.58
2014-02-14,43.97
2014-02-15,68.03
2014-02-16,139.89
2014-02-17,78.93
2014-02-18,64.56
2014-02-19,64.88
2014-02-20,67.61
2014-02-21,120.78
2014-02-22,144.80
2014-02-23,140.59
2014-02-24,130.38
2014-02-25,123.05
2014-02-26,87.53
2014-02-27,64.84
2014-02-28,71.20
2014-03-01,49.83
2014-03-02,61.06
2014-03-03,59.55
2014-03-04,48.72
2014-03-05,54.92
2014-03-06,59.46
2014-03-07,59.24
2014-03-08,54.20
2014-03-09,71.32
2014-03-10,78.46
2014-03-11,63.35
2014-03-12,24.21
2014-03-13,45.47
2014-03-14,74.00
2014-03-15,46.45
2014-03-16,60.58
2014-03-17,76.93
2014-03-18,77.69
2014-03-19,48.95
2014-03-20,147.38
2014-03-21,118.59
2014-03-22,170.52
2014-03-23,259.88
2014-03-24,73.83
2014-03-25,17.16
2014-03-26,63.13
2014-03-27,50.81
2014-03-28,86.49
2014-03-29,59.78
2014-03-30,53.83
2014-03-31,45.06
2014-04-01,78.62
2014-04-02,48.76
2014-04-03,55.73
2014-04-04,56.51
2014-04-05,29.41
2014-04-06,52.98
2014-04-07,83.61
2014-04-08,154.81
2014-04-09,48.04
2014-04-10,37.87
2014-04-11,24.93
2014-04-12,66.57
2014-04-13,91.21
2014-04-14,160.58
2014-04-15,46.80
2014-04-16,44.05
2014-04-17,25.15
2014-04-18,51.83
2014-04-19,51.59
2014-04-20,83.81
2014-04-21,61.87
2014-04-22,51.29
2014-04-23,58.66
2014-04-24,51.78
2014-04-25,62.12
2014-04-26,80.87
2014-04-27,68.09
2014-04-28,86.12
2014-04-29,64.01
2014-04-30,35.13
2014-05-01,70.50
2014-05-02,52.59
2014-05-03,41.58
2014-05-04,187.89
2014-05-05,82.21
2014-05-06,98.03
2014-05-07,52.67
2014-05-08,125.36
2014-05-09,55.25
2014-05-10,57.11
2014-05-11,54.05
2014-05-12,77.42
2014-05-13,87.93
2014-05-14,89.46
2014-05-15,64.81
2014-05-16,83.17
2014-05-17,18.35
2014-05-18,45.83
2014-05-19,53.82
2014-05-20,69.59
2014-05-21,64.03
2014-05-22,33.53
2014-05-23,80.12
2014-05-24,43.14
2014-05-25,61.87
2014-05-26,32.79
2014-05-27,50.23
2014-05-28,123.09
2014-05-29,35.24
2014-05-30,66.44
2014-05-31,62.38
2014-06-01,83.16
2014-06-02,75.40
2014-06-03,225.30
2014-06-04,46.18
2014-06-05,49.48
2014-06-06,40.75
2014-06-07,79.59
2014-06-08,178.63
2014-06-09,66.76
2014-06-10,52.35
2014-06-11,125.44
2014-06-12,100.98
2014-06-13,47.20
2014-06-14,57.97
2014-06-15,48.58
2014-06-16,55.79
2014-06-17,20.72
2014-06-18,59.16
2014-06-19,81.39
2014-06-20,57.19
2014-06-21,80.29
2014-06-22,48.23
2014-06-23,107.54
2014-06-24,58.69
2014-06-25,54.36
2014-06-26,22.32
2014-06-27,24.48
2014-06-28,13.92
2014-06-29,61.06
2014-06-30,43.97
2014-07-01,94.53
2014-07-02,85.01
2014-07-03,41.51
2014-07-04,52.44
2014-07-05,79.35
2014-07-06,124.77
2014-07-07,61.40
2014-07-08,28.93
2014-07-09,49.91
2014-07-10,48.39
2014-07-11,50.23
2014-07-12,75.13
2014-07-13,134.75
2014-07-14,124.54
2014-07-15,116.32
2014-07-16,131.66
2014-07-17,72.31
2014-07-18,77.84
2014-07-19,88.06
2014-07-20,44.15
2014-07-21,67.14
2014-07-22,56.64
2014-07-23,49.67
2014-07-24,36.53
2014-07-25,34.26
2014-07-26,56.98
2014-07-27,62.97
2014-07-28,49.75
2014-07-29,44.45
2014-07-30,117.01
2014-07-31,87.58
2014-08-01,53.10
2014-08-02,92.27
2014-08-03,91.65
2014-08-04,131.99
2014-08-05,80.24
2014-08-06,32.50
2014-08-07,41.62
2014-08-08,61.58
2014-08-09,34.97
2014-08-10,36.22
2014-08-11,94.95
2014-08-12,18.35
2014-08-13,18.04
2014-08-14,29.12
2014-08-15,74.06
2014-08-16,71.63
2014-08-17,51.56
2014-08-18,34.34
2014-08-19,40.12
2014-08-20,23.74
2014-08-21,24.43
2014-08-22,65.61
2014-08-23,143.64
2014-08-24,52.31
2014-08-25,54.94
2014-08-26,32.55
2014-08-27,40.32
2014-08-28,44.61
2014-08-29,30.07
2014-08-30,27.35
2014-08-31,31.79
2014-09-01,102.15
2014-09-02,79.82
2014-09-03,38.15
2014-09-04,29.58
2014-09-05,32.64
2014-09-06,42.79
2014-09-07,75.91
2014-09-08,23.52
2014-09-09,65.54
2014-09-10,66.45
2014-09-11,43.16
2014-09-12,49.62
2014-09-13,54.57
2014-09-14,63.50
2014-09-15,132.42
2014-09-16,34.58
2014-09-17,40.90
2014-09-18,26.32
2014-09-19,31.65
2014-09-20,83.75
2014-09-21,66.46
2014-09-22,124.77
2014-09-23,102.33
2014-09-24,46.11
2014-09-25,40.69
2014-09-26,49.29
2014-09-27,45.23
2014-09-28,64.31
2014-09-29,41.79
2014-09-30,41.03
2014-10-01,58.82
2014-10-02,30.16
2014-10-03,103.26
2014-10-04,54.37
2014-10-05,84.19
2014-10-06,135.43
2014-10-07,89.80
2014-10-08,43.96
2014-10-09,53.73
2014-10-10,49.06
2014-10-11,70.52
2014-10-12,70.66
2014-10-13,42.04
2014-10-14,62.32
2014-10-15,68.64
2014-10-16,86.24
2014-10-17,49.35
2014-10-18,66.44
2014-10-19,77.54
2014-10-20,45.57
2014-10-21,61.02
2014-10-22,69.25
2014-10-23,45.24
2014-10-24,43.41
2014-10-25,45.23
2014-10-26,109.96
2014-10-27,68.48
2014-10-28,72.16
2014-10-29,57.53
2014-10-30,37.38
2014-10-31,103.08
2014-11-01,28.94
2014-11-02,61.77
2014-11-03,64.42
2014-11-04,58.50
2014-11-05,72.12
2014-11-06,56.66
2014-11-07,26.93
2014-11-08,52.82
2014-11-09,71.58
2014-11-10,45.75
2014-11-11,36.64
2014-11-12,49.99
2014-11-13,40.12
2014-11-14,29.81
2014-11-15,57.00
2014-11-16,76.38
2014-11-17,151.19
2014-11-18,56.80
2014-11-19,48.87
2014-11-20,51.40
2014-11-21,58.61
2014-11-22,102.93
2014-11-23,76.47
2014-11-24,78.87
2014-11-25,60.87
2014-11-26,27.16
2014-11-27,92.67
2014-11-28,38.11
2014-11-29,30.36
2014-11-30,41.60
2014-12-01,37.22
2014-12-02,68.69
2014-12-03,76.65
2014-12-04,49.34
2014-12-05,63.16
2014-12-06,76.90
2014-12-07,61.53
2014-12-08,53.77
2014-12-09,58.26
2014-12-10,39.55
2014-12-11,36.88
2014-12-12,42.58
2014-12-13,63.41
2014-12-14,90.77
2014-12-15,32.39
2014-12-16,56.01
2014-12-17,99.63
2014-12-18,105.88
2014-12-19,42.70
2014-12-20,93.69
2014-12-21,126.19
2014-12-22,81.46
2014-12-23,41.44
2014-12-24,26.50
2014-12-25,48.33
2014-12-26,58.01
2014-12-27,26.63
2014-12-28,109.92
2014-12-29,108.66
2014-12-30,50.14
2014-12-31,127.20
2015-01-01,137.22
2015-01-02,93.14
2015-01-03,79.59
2015-01-04,163.12
2015-01-05,90.66
2015-01-06,85.46
2015-01-07,57.14
2015-01-08,59.56
2015-01-09,44.45
2015-01-10,90.61
2015-01-11,110.37
2015-01-12,99.54
2015-01-13,68.71
2015-01-14,82.58
2015-01-15,88.27
2015-01-16,50.91
2015-01-17,78.80
2015-01-18,131.37
2015-01-19,72.54
2015-01-20,74.06
2015-01-21,43.82
2015-01-22,85.21
2015-01-23,82.90
2015-01-24,75.04
2015-01-25,87.69
2015-01-26,54.50
2015-01-27,55.58
2015-01-28,77.51
2015-01-29,32.14
2015-01-30,65.15
2015-01-31,82.50
2015-02-01,66.55
2015-02-02,79.45
2015-02-03,65.60
2015-02-04,67.26
2015-02-05,115.17
2015-02-06,59.12
2015-02-07,48.01
2015-02-08,75.83
2015-02-09,87.49
2015-02-10,83.73
2015-02-11,50.54
2015-02-12,26.96
2015-02-13,54.65
2015-02-14,56.60
2015-02-15,67.80
2015-02-16,37.41
2015-02-17,50.67
2015-02-18,37.15
2015-02-19,102.56
2015-02-20,35.63
2015-02-21,50.96
2015-02-22,62.23
2015-02-23,76.09
2015-02-24,128.86
2015-02-25,74.82
2015-02-26,74.61
2015-02-27,116.63
2015-02-28,70.02
2015-03-01,90.02
2015-03-02,91.47
2015-03-03,37.66
2015-03-04,89.94
2015-03-05,69.01
2015-03-06,47.16
2015-03-07,72.56
2015-03-08,70.57
2015-03-09,63.31
2015-03-10,85.17
2015-03-11,44.39
2015-03-12,33.90
2015-03-13,52.24
2015-03-14,39.04
2015-03-15,36.66
2015-03-16,53.97
2015-03-17,37.53
2015-03-18,78.20
2015-03-19,52.74
2015-03-20,56.33
2015-03-21,39.84
2015-03-22,67.02
2015-03-23,108.15
2015-03-24,34.47
2015-03-25,52.70
2015-03-26,46.77
2015-03-27,61.09
2015-03-28,68.89
2015-03-29,87.06
2015-03-30,74.41
2015-03-31,88.25
2015-04-01,85.27
2015-04-02,27.58
2015-04-03,69.18
2015-04-04,123.38
2015-04-05,106.94
2015-04-06,56.30
2015-04-07,77.07
2015-04-08,55.11
2015-04-09,43.26
2015-04-10,41.28
2015-04-11,55.30
2015-04-12,109.48
2015-04-13,77.54
2015-04-14,66.77
2015-04-15,310.25
2015-04-16,49.98
2015-04-17,43.72
2015-04-18,34.56
2015-04-19,58.00
2015-04-20,51.68
2015-04-21,46.55
2015-04-22,36.96
2015-04-23,33.57
2015-04-24,42.94
2015-04-25,56.49
2015-04-26,85.88
2015-04-27,35.03
2015-04-28,30.41
2015-04-29,30.76
2015-04-30,39.66
2015-05-01,37.85
2015-05-02,39.16
2015-05-03,40.51
2015-05-04,27.02
2015-05-05,30.59
2015-05-06,42.19
2015-05-07,79.16
2015-05-08,81.06
2015-05-09,80.04
2015-05-10,100.21
2015-05-11,106.86
2015-05-12,86.73
2015-05-13,86.10
2015-05-14,49.40
2015-05-15,65.40
2015-05-16,45.21
2015-05-17,78.72
2015-05-18,65.23
2015-05-19,45.51
2015-05-20,56.09
2015-05-21,58.45
2015-05-22,65.97
2015-05-23,108.50
2015-05-24,71.12
2015-05-25,41.75
2015-05-26,56.41
2015-05-27,49.51
2015-05-28,87.95
2015-05-29,39.59
2015-05-30,40.33
2015-05-31,86.03
2015-06-01,33.34
2015-06-02,71.05
2015-06-03,31.97
2015-06-04,80.34
2015-06-05,40.47
2015-06-06,63.25
2015-06-07,99.95
2015-06-08,150.67
2015-06-09,65.45
2015-06-10,34.96
2015-06-11,40.94
2015-06-12,47.00
2015-06-13,52.00
2015-06-14,62.35
2015-06-15,52.50
2015-06-16,40.37
2015-06-17,50.73
2015-06-18,78.79
2015-06-19,86.15
2015-06-20,139.47
2015-06-21,55.96
2015-06-22,64.15
2015-06-23,66.27
2015-06-24,27.52
2015-06-25,47.83
2015-06-26,79.86
2015-06-27,48.51
2015-06-28,98.41
2015-06-29,78.50
2015-06-30,122.02
2015-07-01,90.80
2015-07-02,44.58
2015-07-03,41.29
2015-07-04,69.18
2015-07-05,65.35
2015-07-06,100.06
2015-07-07,85.70
2015-07-08,62.40
2015-07-09,98.19
2015-07-10,94.87
2015-07-11,190.28
2015-07-12,90.60
2015-07-13,79.98
2015-07-14,68.09
2015-07-15,62.09
2015-07-16,72.00
2015-07-17,42.31
2015-07-18,66.80
2015-07-19,338.31
2015-07-20,46.59
2015-07-21,71.87
2015-07-22,43.42
2015-07-23,45.00
2015-07-24,60.12
2015-07-25,25.18
2015-07-26,56.04
2015-07-27,35.53
2015-07-28,38.06
2015-07-29,53.93
2015-07-30,35.73
2015-07-31,29.32
2015-08-01,39.77
2015-08-02,108.74
2015-08-03,88.27
2015-08-04,53.56
2015-08-05,43.76
2015-08-06,21.30
2015-08-07,3.32
2015-08-08,44.81
2015-08-09,82.77
2015-08-10,82.73
2015-08-11,65.65
2015-08-12,38.09
2015-08-13,35.58
2015-08-14,55.58
2015-08-15,76.16
2015-08-16,46.54
2015-08-17,26.30
2015-08-18,60.75
2015-08-19,83.70
2015-08-20,35.99
2015-08-21,80.21
2015-08-22,91.75
2015-08-23,80.18
2015-08-24,152.98
2015-08-25,177.02
2015-08-26,87.48
2015-08-27,61.26
2015-08-28,93.15
2015-08-29,164.55
2015-08-30,160.43
2015-08-31,113.96
2015-09-01,92.72
2015-09-02,93.82
2015-09-03,57.57
2015-09-04,144.81
2015-09-05,171.00
2015-09-06,98.96
2015-09-07,119.62
2015-09-08,69.15
2015-09-09,46.57
2015-09-10,67.06
2015-09-11,89.61
2015-09-12,99.30
2015-09-13,181.35
2015-09-14,88.46
2015-09-15,100.95
2015-09-16,67.49
2015-09-17,71.27
2015-09-18,77.99
2015-09-19,104.86
2015-09-20,88.42
2015-09-21,87.15
2015-09-22,87.71
2015-09-23,64.87
2015-09-24,41.42
2015-09-25,44.34
2015-09-26,87.87
2015-09-27,82.39
2015-09-28,41.68
2015-09-29,65.70
2015-09-30,77.75
2015-10-01,69.02
2015-10-02,64.84
2015-10-03,46.31
2015-10-04,87.51
2015-10-05,48.01
2015-10-06,110.95
2015-10-07,49.15
2015-10-08,26.35
2015-10-09,78.91
2015-10-10,111.14
2015-10-11,93.28
2015-10-12,112.89
2015-10-13,33.11
2015-10-14,59.36
2015-10-15,35.67
2015-10-16,51.22
2015-10-17,49.26
2015-10-18,66.30
2015-10-19,51.91
2015-10-20,27.87
2015-10-21,83.48
2015-10-22,52.71
2015-10-23,51.59
2015-10-24,87.13
2015-10-25,66.66
2015-10-26,75.05
2015-10-27,74.57
2015-10-28,112.28
2015-10-29,77.35
2015-10-30,38.41
2015-10-31,46.01
2015-11-01,93.34
2015-11-02,32.86
2015-11-03,72.75
2015-11-04,45.24
2015-11-05,33.09
2015-11-06,78.78
2015-11-07,102.94
2015-11-08,93.34
2015-11-09,60.61
2015-11-10,44.19
2015-11-11,44.92
2015-11-12,20.53
2015-11-13,33.65
2015-11-14,54.12
2015-11-15,87.14
2015-11-16,91.65
2015-11-17,63.48
2015-11-18,68.43
2015-11-19,43.31
2015-11-20,48.78
2015-11-21,26.01
2015-11-22,51.15
2015-11-23,13.92
2015-11-24,28.80
2015-11-25,20.42
2015-11-26,95.75
2015-11-27,45.15
2015-11-28,44.18
2015-11-29,64.80
2015-11-30,61.99
2015-12-01,48.27
2015-12-02,47.61
2015-12-03,38.70
2015-12-04,34.60
2015-12-05,44.67
2015-12-06,74.22
2015-12-07,50.85
2015-12-08,43.97
2015-12-09,57.21
2015-12-10,64.28
2015-12-11,110.78
2015-12-12,61.68
2015-12-13,89.96
2015-12-14,56.77
2015-12-15,78.00
2015-12-16,85.34
2015-12-17,100.26
2015-12-18,86.50
2015-12-19,63.29
2015-12-20,55.79
2015-12-21,79.05
2015-12-22,77.14
2015-12-23,75.23
2015-12-24,58.39
2015-12-25,64.23
2015-12-26,122.65
2015-12-27,118.36
2015-12-28,106.39
2015-12-29,59.15
2015-12-30,90.42
2015-12-31,59.74
2016-01-01,102.81
2016-01-02,71.43
2016-01-03,163.65
2016-01-04,106.94
2016-01-05,52.80
2016-01-06,30.40
2016-01-07,56.40
2016-01-08,62.21
2016-01-09,73.93
2016-01-10,115.76
2016-01-11,65.10
2016-01-12,67.32
2016-01-13,130.12
2016-01-14,72.92
2016-01-15,67.14
2016-01-16,137.85
2016-01-17,126.15
2016-01-18,71.03
2016-01-19,81.90
2016-01-20,70.19
2016-01-21,110.20
2016-01-22,68.43
2016-01-23,76.65
2016-01-24,62.13
2016-01-25,55.72
2016-01-26,78.09
2016-01-27,39.01
2016-01-28,59.62
2016-01-29,41.51
2016-01-30,79.82
2016-01-31,94.57
2016-02-01,183.20
2016-02-02,117.91
2016-02-03,73.51
2016-02-04,40.73
2016-02-05,41.41
2016-02-06,78.95
2016-02-07,60.29
2016-02-08,88.26
2016-02-09,38.40
2016-02-10,77.84
2016-02-11,106.25
2016-02-12,74.63
2016-02-13,45.01
2016-02-14,110.80
2016-02-15,67.33
2016-02-16,48.57
2016-02-17,108.64
2016-02-18,117.33
2016-02-19,85.85
2016-02-20,80.64
2016-02-21,78.42
2016-02-22,55.88
2016-02-23,57.33
2016-02-24,62.26
2016-02-25,57.50
2016-02-26,41.87
2016-02-27,126.51
2016-02-28,97.94
2016-02-29,65.74
2016-03-01,49.35
2016-03-02,41.64
2016-03-03,48.60
2016-03-04,46.74
2016-03-05,128.08
2016-03-06,112.51
2016-03-07,59.99
2016-03-08,77.42
2016-03-09,46.99
2016-03-10,30.22
2016-03-11,29.26
2016-03-12,68.49
2016-03-13,108.23
2016-03-14,54.04
2016-03-15,45.63
2016-03-16,48.66
2016-03-17,40.06
2016-03-18,58.48
2016-03-19,32.84
2016-03-20,73.89
2016-03-21,89.85
2016-03-22,55.17
2016-03-23,87.98
2016-03-24,50.15
2016-03-25,36.39
2016-03-26,61.36
2016-03-27,53.45
2016-03-28,105.86
2016-03-29,69.82
2016-03-30,124.96
2016-03-31,36.42
2016-04-01,30.46
2016-04-02,61.05
2016-04-03,100.09
2016-04-04,38.89
2016-04-05,25.71
2016-04-06,36.17
2016-04-07,28.90
2016-04-08,30.25
2016-04-09,19.81
2016-04-10,66.30
2016-04-11,101.11
2016-04-12,34.46
2016-04-13,37.74
2016-04-14,21.42
2016-04-15,52.17
2016-04-16,82.72
2016-04-17,127.30
2016-04-18,63.08
2016-04-19,20.66
2016-04-20,41.30
2016-04-21,34.27
2016-04-22,112.29
2016-04-23,77.26
2016-04-24,57.80
2016-04-25,59.83
2016-04-26,49.42
2016-04-27,42.37
2016-04-28,20.30
2016-04-29,54.91
2016-04-30,45.03
2016-05-01,61.59
2016-05-02,72.72
2016-05-03,45.40
2016-05-04,44.10
2016-05-05,34.04
2016-05-06,31.30
2016-05-07,46.71
2016-05-08,57.56
2016-05-09,59.73
2016-05-10,62.97
2016-05-11,54.40
2016-05-12,50.82
2016-05-13,59.77
2016-05-14,31.04
2016-05-15,99.03
2016-05-16,82.79
2016-05-17,51.62
2016-05-18,32.08
2016-05-19,58.53
2016-05-20,25.94
2016-05-21,54.62
2016-05-22,113.01
2016-05-23,141.68
2016-05-24,66.06
2016-05-25,51.51
2016-05-26,23.07
2016-05-27,19.22
2016-05-28,41.02
2016-05-29,54.25
2016-05-30,35.86
2016-05-31,48.19
2016-06-01,48.39
2016-06-02,44.41
2016-06-03,54.72
2016-06-04,130.56
2016-06-05,151.85
2016-06-06,136.57
2016-06-07,127.93
2016-06-08,46.41
2016-06-09,49.67
2016-06-10,70.69
2016-06-11,71.81
2016-06-12,64.97
2016-06-13,60.21
2016-06-14,83.69
2016-06-15,79.47
2016-06-16,109.07
2016-06-17,71.03
2016-06-18,91.09
2016-06-19,54.65
2016-06-20,94.78
2016-06-21,137.60
2016-06-22,146.78
2016-06-23,125.30
2016-06-24,312.85
2016-06-25,586.55
2016-06-26,322.73
2016-06-27,254.28
2016-06-28,238.67
2016-06-29,146.63
2016-06-30,96.08
2016-07-01,108.22
2016-07-02,114.48
2016-07-03,148.63
2016-07-04,84.51
2016-07-05,89.02
2016-07-06,185.04
2016-07-07,117.71
2016-07-08,105.65
2016-07-09,124.74
2016-07-10,209.00
2016-07-11,93.07
2016-07-12,113.92
2016-07-13,58.42
2016-07-14,53.11
2016-07-15,34.40
2016-07-16,88.55
2016-07-17,172.45
2016-07-18,112.79
2016-07-19,39.89
2016-07-20,45.87
2016-07-21,37.63
2016-07-22,59.24
2016-07-23,40.99
2016-07-24,76.34
2016-07-25,78.34
2016-07-26,56.40
2016-07-27,122.84
2016-07-28,76.37
2016-07-29,78.16
2016-07-30,91.53
2016-07-31,117.46
2016-08-01,74.99
2016-08-02,55.54
2016-08-03,38.55
2016-08-04,42.64
2016-08-05,89.43
2016-08-06,76.61
2016-08-07,60.56
2016-08-08,108.83
2016-08-09,61.67
2016-08-10,81.76
2016-08-11,43.24
2016-08-12,63.00
2016-08-13,55.14
2016-08-14,137.71
2016-08-15,91.36
2016-08-16,105.49
2016-08-17,83.60
2016-08-18,59.73
2016-08-19,56.17
2016-08-20,53.76
2016-08-21,44.80
2016-08-22,39.89
2016-08-23,40.46
2016-08-24,43.23
2016-08-25,83.01
2016-08-26,117.24
2016-08-27,139.20
2016-08-28,86.28
2016-08-29,87.44
2016-08-30,46.48
2016-08-31,45.98
2016-09-01,38.52
2016-09-02,40.85
2016-09-03,11.49
2016-09-04,75.51
2016-09-05,145.01
2016-09-06,30.28
2016-09-07,22.17
2016-09-08,27.04
2016-09-09,35.65
2016-09-10,33.11
2016-09-11,50.18
2016-09-12,39.54
2016-09-13,67.65
2016-09-14,28.87
2016-09-15,30.61
2016-09-16,44.18
2016-09-17,26.59
2016-09-18,97.80
2016-09-19,74.44
2016-09-20,58.92
2016-09-21,31.41
2016-09-22,64.81
2016-09-23,60.71
2016-09-24,106.95
2016-09-25,53.57
2016-09-26,30.74
2016-09-27,56.95
2016-09-28,38.39
2016-09-29,51.81
2016-09-30,34.93
2016-10-01,59.96
2016-10-02,102.52
2016-10-03,78.99
2016-10-04,48.13
2016-10-05,65.03
2016-10-06,58.51
2016-10-07,57.08
2016-10-08,64.33
2016-10-09,102.18
2016-10-10,15.20
2016-10-11,54.57
2016-10-12,59.38
2016-10-13,50.64
2016-10-14,80.62
2016-10-15,98.91
2016-10-16,98.05
2016-10-17,115.14
2016-10-18,45.55
2016-10-19,61.32
2016-10-20,48.77
2016-10-21,34.08
2016-10-22,41.54
2016-10-23,85.95
2016-10-24,58.65
2016-10-25,114.51
2016-10-26,40.45
2016-10-27,85.31
2016-10-28,74.06
2016-10-29,76.83
2016-10-30,80.76
2016-10-31,95.82
2016-11-01,44.68
2016-11-02,60.79
2016-11-03,63.05
2016-11-04,87.98
2016-11-05,107.72
2016-11-06,121.17
2016-11-07,74.75
2016-11-08,119.44
2016-11-09,246.03
2016-11-10,272.71
2016-11-11,140.42
2016-11-12,178.53
2016-11-13,339.37
2016-11-14,263.29
2016-11-15,161.83
2016-11-16,135.29
2016-11-17,111.00
2016-11-18,176.29
2016-11-19,117.88
2016-11-20,111.02
2016-11-21,94.21
2016-11-22,102.35
2016-11-23,84.27
2016-11-24,84.01
2016-11-25,90.30
2016-11-26,69.39
2016-11-27,95.70
2016-11-28,96.79
2016-11-29,56.24
2016-11-30,63.67
2016-12-01,167.88
2016-12-02,144.20
2016-12-03,152.48
2016-12-04,137.30
2016-12-05,113.93
2016-12-06,158.64
2016-12-07,162.00
2016-12-08,125.48
2016-12-09,97.26
2016-12-10,130.24
2016-12-11,125.68
2016-12-12,99.45
2016-12-13,336.71
2016-12-14,53.87
2016-12-15,232.94
2016-12-16,53.13
2016-12-17,61.80
2016-12-18,149.81
2016-12-19,91.47
2016-12-20,59.25
2016-12-21,37.37
2016-12-22,50.35
2016-12-23,35.70
2016-12-24,67.43
2016-12-25,187.34
2016-12-26,155.98
2016-12-27,108.11
2016-12-28,161.59
2016-12-29,116.01
2016-12-30,141.16
2016-12-31,127.18
2017-01-01,235.10
2017-01-02,242.04
2017-01-03,89.85
2017-01-04,101.99
2017-01-05,134.47
2017-01-06,96.97
2017-01-07,110.23
2017-01-08,272.01
2017-01-09,121.76
2017-01-10,121.90
2017-01-11,124.56
2017-01-12,113.32
2017-01-13,135.56
2017-01-14,111.90
2017-01-15,188.29
2017-01-16,114.17
2017-01-17,160.96
2017-01-18,135.59
2017-01-19,95.56
2017-01-20,141.55
2017-01-21,151.63
2017-01-22,185.71
2017-01-23,154.77
2017-01-24,136.15
2017-01-25,175.14
2017-01-26,89.25
2017-01-27,135.05
2017-01-28,152.15
2017-01-29,186.22
2017-01-30,115.06
2017-01-31,139.29
2017-02-01,158.28
2017-02-02,113.53
2017-02-03,131.28
2017-02-04,88.69
2017-02-05,211.26
2017-02-06,150.83
2017-02-07,121.82
2017-02-08,118.99
2017-02-09,74.34
2017-02-10,231.24
2017-02-11,57.47
2017-02-12,162.36
2017-02-13,77.85
2017-02-14,120.20
2017-02-15,130.16
2017-02-16,89.07
2017-02-17,143.29
2017-02-18,87.44
2017-02-19,123.54
2017-02-20,66.08
2017-02-21,87.54
2017-02-22,226.71
2017-02-23,84.74
2017-02-24,99.00
2017-02-25,35.04
2017-02-26,121.60
2017-02-27,117.37
2017-02-28,114.25
2017-03-01,111.90
2017-03-02,125.27
2017-03-03,88.91
2017-03-04,89.26
2017-03-05,128.58
2017-03-06,104.29
2017-03-07,71.17
2017-03-08,124.51
2017-03-09,95.37
2017-03-10,81.65
2017-03-11,107.41
2017-03-12,167.79
2017-03-13,56.50
2017-03-14,122.30
2017-03-15,159.48
2017-03-16,91.44
2017-03-17,152.01
2017-03-18,91.27
2017-03-19,153.52
2017-03-20,161.69
2017-03-21,184.47
2017-03-22,65.80
2017-03-23,48.67
2017-03-24,106.37
2017-03-25,103.58
2017-03-26,152.82
2017-03-27,83.12
2017-03-28,89.73
2017-03-29,66.64
2017-03-30,91.55
2017-03-31,221.37
2017-04-01,208.81
2017-04-02,164.70
2017-04-03,115.76
2017-04-04,103.95
2017-04-05,75.28
2017-04-06,82.38
2017-04-07,67.93
2017-04-08,81.50
2017-04-09,90.35
2017-04-10,118.06
2017-04-11,41.86
2017-04-12,79.49
2017-04-13,59.73
2017-04-14,116.71
2017-04-15,74.38
2017-04-16,119.43
2017-04-17,119.99
2017-04-18,71.39
2017-04-19,93.31
2017-04-20,55.86
2017-04-21,124.51
2017-04-22,106.10
2017-04-23,171.29
2017-04-24,144.04
2017-04-25,58.82
2017-04-26,70.40
2017-04-27,63.06
2017-04-28,62.79
2017-04-29,74.46
2017-04-30,224.35
2017-05-01,97.49
2017-05-02,89.58
2017-05-03,86.79
2017-05-04,184.47
2017-05-05,72.21
2017-05-06,107.43
2017-05-07,170.80
2017-05-08,113.15
2017-05-09,84.95
2017-05-10,67.32
2017-05-11,49.78
2017-05-12,129.40
2017-05-13,88.54
2017-05-14,59.20
2017-05-15,169.44
2017-05-16,118.00
2017-05-17,62.79
2017-05-18,89.48
2017-05-19,87.23
2017-05-20,54.92
2017-05-21,119.98
2017-05-22,83.62
2017-05-23,64.98
2017-05-24,76.10
2017-05-25,51.65
2017-05-26,62.91
2017-05-27,54.56
2017-05-28,96.91
2017-05-29,50.67
2017-05-30,45.36
2017-05-31,168.16
2017-06-01,100.04
2017-06-02,61.36
2017-06-03,91.58
2017-06-04,125.66
2017-06-05,274.58
2017-06-06,85.30
2017-06-07,46.07
2017-06-08,33.16
2017-06-09,65.80
2017-06-10,67.27
2017-06-11,149.93
2017-06-12,98.63
2017-06-13,144.57
2017-06-14,48.72
2017-06-15,67.05
2017-06-16,80.07
2017-06-17,91.38
2017-06-18,147.78
2017-06-19,75.30
2017-06-20,93.24
2017-06-21,90.96
2017-06-22,93.79
2017-06-23,135.04
2017-06-24,80.87
2017-06-25,92.98
2017-06-26,44.92
2017-06-27,93.10
2017-06-28,95.31
2017-06-29,65.45
2017-06-30,111.89
2017-07-01,129.61
2017-07-02,168.71
2017-07-03,101.66
2017-07-04,57.70
2017-07-05,57.04
2017-07-06,76.45
2017-07-07,160.41
2017-07-08,107.61
2017-07-09,120.39
2017-07-10,92.94
2017-07-11,85.23
2017-07-12,70.04
2017-07-13,73.54
2017-07-14,90.61
2017-07-15,49.96
2017-07-16,147.91
2017-07-17,92.60
2017-07-18,88.82
2017-07-19,51.42
2017-07-20,100.40
2017-07-21,73.36
2017-07-22,64.94
2017-07-23,134.15
2017-07-24,305.98
2017-07-25,162.68
2017-07-26,80.27
2017-07-27,40.48
2017-07-28,45.32
2017-07-29,74.67
2017-07-30,126.82
2017-07-31,80.96
2017-08-01,70.77
2017-08-02,57.38
2017-08-03,61.00
2017-08-04,63.90
2017-08-05,91.21
2017-08-06,94.98
2017-08-07,96.65
2017-08-08,56.87
2017-08-09,62.08
2017-08-10,66.59
2017-08-11,41.93
2017-08-12,134.54
2017-08-13,105.01
2017-08-14,88.94
2017-08-15,86.83
2017-08-16,47.71
2017-08-17,56.82
2017-08-18,60.34
2017-08-19,121.57
2017-08-20,89.23
2017-08-21,60.63
2017-08-22,74.28
2017-08-23,69.07
2017-08-24,42.90
2017-08-25,72.15
2017-08-26,49.31
2017-08-27,101.92
2017-08-28,80.49
2017-08-29,81.46
2017-08-30,42.02
2017-08-31,43.34
2017-09-01,57.53
2017-09-02,61.98
2017-09-03,102.58
2017-09-04,78.97
2017-09-05,142.33
2017-09-06,198.18
2017-09-07,88.44
2017-09-08,68.98
2017-09-09,71.97
2017-09-10,93.84
2017-09-11,94.13
2017-09-12,59.02
2017-09-13,71.31
2017-09-14,120.33
2017-09-15,72.36
2017-09-16,46.38
2017-09-17,121.57
2017-09-18,68.55
2017-09-19,58.25
2017-09-20,52.37
2017-09-21,55.35
2017-09-22,63.09
2017-09-23,77.20
2017-09-24,118.20
2017-09-25,105.42
2017-09-26,58.14
2017-09-27,63.54
2017-09-28,103.05
2017-09-29,107.61
2017-09-30,44.96
2017-10-01,67.15
2017-10-02,75.31
2017-10-03,52.47
2017-10-04,48.06
2017-10-05,40.99
2017-10-06,85.68
2017-10-07,35.77
2017-10-08,89.65
2017-10-09,42.94
2017-10-10,74.46
2017-10-11,60.44
2017-10-12,37.61
2017-10-13,63.88
2017-10-14,61.43
2017-10-15,65.84
2017-10-16,98.42
2017-10-17,49.38
2017-10-18,100.11
2017-10-19,82.48
2017-10-20,62.32
2017-10-21,59.05
2017-10-22,108.51
2017-10-23,136.20
2017-10-24,37.25
2017-10-25,60.11
2017-10-26,114.37
2017-10-27,87.39
2017-10-28,58.75
2017-10-29,105.50
2017-10-30,64.62
2017-10-31,50.39
2017-11-01,66.70
2017-11-02,85.31
2017-11-03,103.89
2017-11-04,63.24
2017-11-05,120.72
2017-11-06,92.35
2017-11-07,100.93
2017-11-08,67.48
2017-11-09,65.11
2017-11-10,56.77
2017-11-11,61.32
2017-11-12,170.54
2017-11-13,134.97
2017-11-14,107.88
2017-11-15,58.10
2017-11-16,83.79
2017-11-17,98.62
2017-11-18,52.98
2017-11-19,119.38
2017-11-20,79.50
2017-11-21,199.49
2017-11-22,52.93
2017-11-23,61.97
2017-11-24,34.88
2017-11-25,48.73
2017-11-26,105.07
2017-11-27,31.11
2017-11-28,206.63
2017-11-29,103.98
2017-11-30,101.48
2017-12-01,86.95
2017-12-02,93.82
2017-12-03,87.52
2017-12-04,101.07
2017-12-05,95.44
2017-12-06,57.79
2017-12-07,40.69
2017-12-08,63.52
2017-12-09,129.89
2017-12-10,87.45
2017-12-11,81.46
2017-12-12,66.43
2017-12-13,52.01
2017-12-14,32.59
2017-12-15,104.84
2017-12-16,95.65
2017-12-17,141.38
2017-12-18,94.77
2017-12-19,82.40
2017-12-20,57.20
2017-12-21,92.94
2017-12-22,72.69
2017-12-23,133.94
2017-12-24,158.85
2017-12-25,101.81
2017-12-26,106.31
2017-12-27,58.44
2017-12-28,63.24
2017-12-29,146.43
2017-12-30,45.33
2017-12-31,174.90
2018-01-01,178.30
2018-01-02,111.20
2018-01-03,52.45
2018-01-04,243.48
2018-01-05,108.68
2018-01-06,83.81
2018-01-07,164.82
2018-01-08,77.28
2018-01-09,157.58
2018-01-10,89.18
2018-01-11,111.72
2018-01-12,107.69
2018-01-13,171.33
2018-01-14,176.99
2018-01-15,272.42
2018-01-16,61.57
2018-01-17,61.83
2018-01-18,115.86
2018-01-19,88.34
2018-01-20,85.40
2018-01-21,132.01
2018-01-22,110.72
2018-01-23,74.52
2018-01-24,93.27
2018-01-25,77.97
2018-01-26,110.00
2018-01-27,109.21
2018-01-28,105.65
2018-01-29,85.23
2018-01-30,68.45
2018-01-31,71.84
2018-02-01,49.78
2018-02-02,61.20
2018-02-03,44.00
2018-02-04,145.10
2018-02-05,145.79
2018-02-06,92.59
2018-02-07,58.29
2018-02-08,89.29
2018-02-09,82.68
2018-02-10,138.06
2018-02-11,145.19
2018-02-12,80.89
2018-02-13,104.55
2018-02-14,107.01
2018-02-15,88.63
2018-02-16,80.52
2018-02-17,63.93
2018-02-18,103.24
2018-02-19,53.44
2018-02-20,80.15
2018-02-21,95.81
2018-02-22,50.25
2018-02-23,55.72
2018-02-24,42.18
2018-02-25,126.87
2018-02-26,68.60
2018-02-27,52.64
2018-02-28,46.68
2018-03-01,69.30
2018-03-02,39.63
2018-03-03,34.62
2018-03-04,98.68
2018-03-05,148.37
2018-03-06,133.87
2018-03-07,87.33
2018-03-08,57.00
2018-03-09,132.57
2018-03-10,67.61
2018-03-11,170.78
2018-03-12,107.40
2018-03-13,54.85
2018-03-14,79.61
2018-03-15,43.98
2018-03-16,110.96
2018-03-17,132.51
2018-03-18,83.03
2018-03-19,74.64
2018-03-20,79.32
2018-03-21,55.83
2018-03-22,57.36
2018-03-23,66.64
2018-03-24,53.20
2018-03-25,61.37
2018-03-26,89.77
2018-03-27,22.48
2018-03-28,26.48
2018-03-29,16.75
2018-03-30,44.07
2018-03-31,67.64
2018-04-01,111.65
2018-04-02,167.71
2018-04-03,88.73
2018-04-04,52.90
2018-04-05,109.08
2018-04-06,70.62
2018-04-07,106.96
2018-04-08,151.12
2018-04-09,275.14
2018-04-10,56.17
2018-04-11,79.88
2018-04-12,190.11
2018-04-13,141.34
2018-04-14,71.29
2018-04-15,84.70
2018-04-16,65.26
2018-04-17,65.55
2018-04-18,71.44
2018-04-19,46.61
2018-04-20,47.54
2018-04-21,19.59
2018-04-22,70.06
2018-04-23,66.91
2018-04-24,35.09
2018-04-25,108.69
2018-04-26,68.42
2018-04-27,25.82
2018-04-28,57.83
2018-04-29,65.00
2018-04-30,86.67
2018-05-01,101.87
2018-05-02,95.92
2018-05-03,57.16
2018-05-04,38.51
2018-05-05,175.19
2018-05-06,122.37
2018-05-07,96.74
2018-05-08,100.02
2018-05-09,62.20
2018-05-10,74.02
2018-05-11,78.27
2018-05-12,115.07
2018-05-13,71.37
2018-05-14,127.21
2018-05-15,42.73
2018-05-16,50.06
2018-05-17,74.49
2018-05-18,129.32
2018-05-19,118.29
2018-05-20,57.04
2018-05-21,87.84
2018-05-22,92.17
2018-05-23,171.23
2018-05-24,48.90
2018-05-25,102.10
2018-05-26,45.88
2018-05-27,75.50
2018-05-28,49.45
2018-05-29,50.44
2018-05-30,135.21
2018-05-31,77.32
2018-06-01,109.62
2018-06-02,110.85
2018-06-03,56.64
2018-06-04,80.79
2018-06-05,36.31
2018-06-06,37.98
2018-06-07,55.99
2018-06-08,112.51
2018-06-09,152.77
2018-06-10,170.95
2018-06-11,138.36
2018-06-12,235.59
2018-06-13,137.07
2018-06-14,96.72
2018-06-15,68.71
2018-06-16,82.17
2018-06-17,105.30
2018-06-18,79.32
2018-06-19,165.86
2018-06-20,222.05
2018-06-21,71.67
2018-06-22,80.35
2018-06-23,40.76
2018-06-24,85.36
2018-06-25,63.53
2018-06-26,218.91
2018-06-27,39.58
2018-06-28,89.28
2018-06-29,54.02
2018-06-30,114.66
2018-07-01,136.20
2018-07-02,80.26
2018-07-03,119.73
2018-07-04,87.20
2018-07-05,80.07
2018-07-06,184.49
2018-07-07,121.36
2018-07-08,164.84
2018-07-09,110.48
2018-07-10,81.98
2018-07-11,40.76
2018-07-12,84.92
2018-07-13,74.75
2018-07-14,54.33
2018-07-15,146.72
2018-07-16,89.31
2018-07-17,58.55
2018-07-18,75.12
2018-07-19,55.33
2018-07-20,132.11
2018-07-21,108.30
2018-07-22,156.61
2018-07-23,78.59
2018-07-24,77.37
2018-07-25,57.92
2018-07-26,104.65
2018-07-27,61.47
2018-07-28,99.78
2018-07-29,117.40
2018-07-30,153.38
2018-07-31,91.35
2018-08-01,57.71
2018-08-02,117.93
2018-08-03,87.73
2018-08-04,107.88
2018-08-05,141.99
2018-08-06,112.91
2018-08-07,72.24
2018-08-08,56.98
2018-08-09,69.96
2018-08-10,76.97
2018-08-11,44.22
2018-08-12,109.73
2018-08-13,88.52
2018-08-14,55.18
2018-08-15,20.08
2018-08-16,30.89
2018-08-17,62.36
2018-08-18,96.63
2018-08-19,96.59
2018-08-20,45.18
2018-08-21,81.92
2018-08-22,38.52
2018-08-23,89.75
2018-08-24,80.33
2018-08-25,139.94
2018-08-26,96.04
2018-08-27,108.44
2018-08-28,165.65
2018-08-29,92.96
2018-08-30,90.46
2018-08-31,121.46
2018-09-01,46.12
2018-09-02,98.80
2018-09-03,115.11
2018-09-04,74.36
2018-09-05,37.66
2018-09-06,68.50
2018-09-07,67.90
2018-09-08,89.41
2018-09-09,92.74
2018-09-10,47.25
2018-09-11,49.37
2018-09-12,40.31
2018-09-13,29.73
2018-09-14,36.10
2018-09-15,62.01
2018-09-16,103.72
2018-09-17,100.71
2018-09-18,71.72
2018-09-19,74.06
2018-09-20,54.24
2018-09-21,88.17
2018-09-22,74.22
2018-09-23,124.25
2018-09-24,89.13
2018-09-25,55.65
2018-09-26,37.16
2018-09-27,22.95
2018-09-28,52.38
2018-09-29,33.38
2018-09-30,83.77
2018-10-01,166.69
2018-10-02,130.93
2018-10-03,107.49
2018-10-04,119.36
2018-10-05,66.64
2018-10-06,66.47
2018-10-07,197.77
2018-10-08,112.49
2018-10-09,31.39
2018-10-10,58.99
2018-10-11,68.38
2018-10-12,103.11
2018-10-13,70.22
2018-10-14,92.58
2018-10-15,85.80
2018-10-16,109.71
2018-10-17,77.94
2018-10-18,100.13
2018-10-19,70.30
2018-10-20,61.88
2018-10-21,118.94
2018-10-22,89.49
2018-10-23,52.04
2018-10-24,73.60
2018-10-25,89.53
2018-10-26,65.53
2018-10-27,79.20
2018-10-28,136.61
2018-10-29,64.23
2018-10-30,51.28
2018-10-31,79.07
2018-11-01,84.17
2018-11-02,82.99
2018-11-03,77.39
2018-11-04,223.53
2018-11-05,90.47
2018-11-06,148.95
2018-11-07,61.17
2018-11-08,51.63
2018-11-09,41.01
2018-11-10,54.44
2018-11-11,64.34
2018-11-12,42.33
2018-11-13,64.87
2018-11-14,53.94
2018-11-15,55.04
2018-11-16,30.47
2018-11-17,34.95
2018-11-18,90.25
2018-11-19,10.92
2018-11-20,29.26
2018-11-21,46.86
2018-11-22,21.81
2018-11-23,24.17
2018-11-24,49.06
2018-11-25,168.06
2018-11-26,168.44
2018-11-27,93.08
2018-11-28,100.92
2018-11-29,183.21
2018-11-30,136.43
2018-12-01,142.31
2018-12-02,167.46
2018-12-03,158.49
2018-12-04,109.29
2018-12-05,83.26
2018-12-06,110.19
2018-12-07,101.45
2018-12-08,123.21
2018-12-09,130.49
2018-12-10,71.08
2018-12-11,88.44
2018-12-12,57.97
2018-12-13,121.67
2018-12-14,86.56
2018-12-15,90.26
2018-12-16,186.66
2018-12-17,101.75
2018-12-18,103.24
2018-12-19,114.17
2018-12-20,79.38
2018-12-21,144.91
2018-12-22,10.92
2018-12-23,261.36
2018-12-24,141.79
2018-12-25,171.11
2018-12-26,198.19
2018-12-27,161.10
2018-12-28,156.65
2018-12-29,116.81
2018-12-30,213.53
2018-12-31,149.82
2019-01-01,204.03
2019-01-02,146.97
2019-01-03,212.58
2019-01-04,153.15
2019-01-05,4.70
2019-01-06,230.39
2019-01-07,148.61
2019-01-08,259.25
2019-01-09,120.42
2019-01-10,148.84
2019-01-11,170.68
2019-01-12,175.61
2019-01-13,120.96
2019-01-14,223.58
2019-01-15,104.39
2019-01-16,173.46
2019-01-17,168.92
2019-01-18,154.17
2019-01-19,109.00
2019-01-20,178.48
2019-01-21,216.29
2019-01-22,107.95
2019-01-23,88.26
2019-01-24,106.06
2019-01-25,105.17
2019-01-26,107.16
2019-01-27,218.94
2019-01-28,73.71
2019-01-29,62.53
2019-01-30,123.71
2019-01-31,126.24
2019-02-01,95.81
2019-02-02,82.06
2019-02-03,134.38
2019-02-04,216.31
2019-02-05,87.75
2019-02-06,145.25
2019-02-07,93.79
2019-02-08,76.81
2019-02-09,49.63
2019-02-10,95.37
2019-02-11,59.53
2019-02-12,45.91
2019-02-13,93.01
2019-02-14,35.99
2019-02-15,55.54
2019-02-16,27.08
2019-02-17,10.92
2019-02-18,57.35
2019-02-19,79.79
2019-02-20,65.36
2019-02-21,87.44
2019-02-22,115.34
2019-02-23,93.12
2019-02-24,4.05
2019-02-25,84.03
2019-02-26,68.54
2019-02-27,128.81
2019-02-28,125.24
2019-03-01,110.76
2019-03-02,118.68
2019-03-03,101.11
2019-03-04,71.01
2019-03-05,138.38
2019-03-06,78.64
2019-03-07,138.86
2019-03-08,81.81
2019-03-09,67.73
2019-03-10,138.96
2019-03-11,161.35
2019-03-12,93.23
2019-03-13,81.38
2019-03-14,56.33
2019-03-15,66.48
2019-03-16,65.37
2019-03-17,101.36
2019-03-18,77.23
2019-03-19,82.83
2019-03-20,75.89
2019-03-21,91.17
2019-03-22,83.99
2019-03-23,102.40
2019-03-24,127.53
2019-03-25,69.27
2019-03-26,78.28
2019-03-27,92.66
2019-03-28,53.74
2019-03-29,91.25
2019-03-30,101.92
2019-03-31,134.75
2019-04-01,117.34
2019-04-02,130.56
2019-04-03,81.95
2019-04-04,82.78
2019-04-05,50.15
2019-04-06,108.22
2019-04-07,127.54
2019-04-08,58.07
2019-04-09,60.19
2019-04-10,71.78
2019-04-11,54.57
2019-04-12,75.79
2019-04-13,66.73
2019-04-14,161.23
2019-04-15,76.25
2019-04-16,58.10
2019-04-17,63.24
2019-04-18,56.96
2019-04-19,48.34
2019-04-20,52.37
2019-04-21,83.39
2019-04-22,78.68
2019-04-23,56.96
2019-04-24,60.14
2019-04-25,76.31
2019-04-26,67.89
2019-04-27,56.25
2019-04-28,107.52
2019-04-29,97.53
2019-04-30,75.34
2019-05-01,112.75
2019-05-02,30.20
2019-05-03,57.65
2019-05-04,71.39
2019-05-05,98.38
2019-05-06,93.78
2019-05-07,111.09
2019-05-08,101.81
2019-05-09,67.46
2019-05-10,108.12
2019-05-11,46.84
2019-05-12,155.26
2019-05-13,94.65
2019-05-14,126.65
2019-05-15,132.30
2019-05-16,94.72
2019-05-17,117.89
2019-05-18,95.04
2019-05-19,95.86
2019-05-20,95.08
2019-05-21,73.80
2019-05-22,69.80
2019-05-23,71.04
2019-05-24,144.24
2019-05-25,151.55
2019-05-26,138.34
2019-05-27,102.04
2019-05-28,69.48
2019-05-29,55.62
2019-05-30,50.84
2019-05-31,94.35
2019-06-01,97.55
2019-06-02,159.79
2019-06-03,72.86
2019-06-04,120.06
2019-06-05,217.51
2019-06-06,137.43
2019-06-07,242.25
2019-06-08,139.29
2019-06-09,174.61
2019-06-10,162.10
2019-06-11,130.24
2019-06-12,116.03
2019-06-13,143.87
2019-06-14,145.07
2019-06-15,175.49
2019-06-16,198.50
2019-06-17,82.16
2019-06-18,146.35
2019-06-19,77.89
2019-06-20,116.67
2019-06-21,178.92
2019-06-22,127.09
2019-06-23,245.77
2019-06-24,92.75
2019-06-25,74.19
2019-06-26,142.51
2019-06-27,64.08
2019-06-28,129.48
2019-06-29,96.20
2019-06-30,114.41
2019-07-01,174.62
2019-07-02,144.12
2019-07-03,126.27
2019-07-04,96.84
2019-07-05,72.83
2019-07-06,93.29
2019-07-07,180.55
2019-07-08,72.06
2019-07-09,40.14
2019-07-10,45.62
2019-07-11,103.84
2019-07-12,72.49
2019-07-13,126.95
2019-07-14,58.43
2019-07-15,72.19
2019-07-16,53.41
2019-07-17,77.06
2019-07-18,61.63
2019-07-19,61.84
2019-07-20,28.88
2019-07-21,112.14
2019-07-22,75.32
2019-07-23,114.24
2019-07-24,79.72
2019-07-25,40.68
2019-07-26,116.11
2019-07-27,174.53
2019-07-28,133.67
2019-07-29,86.97
2019-07-30,139.24
2019-07-31,103.01
2019-08-01,150.20
2019-08-02,117.41
2019-08-03,153.64
2019-08-04,87.14
2019-08-05,83.03
2019-08-06,84.05
2019-08-07,92.22
2019-08-08,93.48
2019-08-09,92.35
2019-08-10,57.72
2019-08-11,123.95
2019-08-12,109.59
2019-08-13,70.10
2019-08-14,133.71
2019-08-15,144.25
2019-08-16,105.71
2019-08-17,176.17
2019-08-18,196.87
2019-08-19,144.84
2019-08-20,229.29
2019-08-21,278.29
2019-08-22,186.06
2019-08-23,268.83
2019-08-24,386.19
2019-08-25,321.21
2019-08-26,267.98
2019-08-27,173.50
2019-08-28,132.75
2019-08-29,100.25
2019-08-30,116.43
2019-08-31,135.02
2019-09-01,242.38
2019-09-02,229.98
2019-09-03,95.61
2019-09-04,92.02
2019-09-05,106.57
2019-09-06,130.51
2019-09-07,160.77
2019-09-08,128.76
2019-09-09,65.84
2019-09-10,64.63
2019-09-11,58.52
2019-09-12,100.33
2019-09-13,103.12
2019-09-14,103.05
2019-09-15,154.30
2019-09-16,67.24
2019-09-17,79.18
2019-09-18,72.64
2019-09-19,184.82
2019-09-20,98.34
2019-09-21,139.28
2019-09-22,133.98
2019-09-23,134.52
2019-09-24,120.81
2019-09-25,144.83
2019-09-26,60.07
2019-09-27,101.26
2019-09-28,97.83
2019-09-29,165.02
2019-09-30,113.00
2019-10-01,65.08
2019-10-02,92.82
2019-10-03,46.59
2019-10-04,105.75
2019-10-05,200.44
2019-10-06,192.80
2019-10-07,137.56
2019-10-08,165.35
2019-10-09,62.58
2019-10-10,119.93
2019-10-11,95.08
2019-10-12,88.08
2019-10-13,80.63
2019-10-14,108.55
2019-10-15,68.05
2019-10-16,114.65
2019-10-17,156.80
2019-10-18,64.05
2019-10-19,60.31
2019-10-20,56.13
2019-10-21,57.74
2019-10-22,42.25
2019-10-23,80.02
2019-10-24,56.27
2019-10-25,67.88
2019-10-26,78.83
2019-10-27,166.39
2019-10-28,28.94
2019-10-29,134.13
2019-10-30,111.12
2019-10-31,133.29
2019-11-01,35.14
2019-11-02,135.00
2019-11-03,143.99
2019-11-04,75.66
2019-11-05,129.40
2019-11-06,48.77
2019-11-07,67.84
2019-11-08,127.43
2019-11-09,125.21
2019-11-10,118.98
2019-11-11,101.72
2019-11-12,89.57
2019-11-13,106.88
2019-11-14,53.75
2019-11-15,56.77
2019-11-16,91.22
2019-11-17,125.90
2019-11-18,19.85
2019-11-19,33.14
2019-11-20,46.27
2019-11-21,65.17
2019-11-22,83.86
2019-11-23,63.35
2019-11-24,110.11
2019-11-25,41.17
2019-11-26,37.49
2019-11-27,37.18
2019-11-28,97.06
2019-11-29,122.19
2019-11-30,41.19
2019-12-01,99.73
2019-12-02,86.08
2019-12-03,69.28
2019-12-04,64.18
2019-12-05,36.86
2019-12-06,134.85
2019-12-07,174.94
2019-12-08,219.84
2019-12-09,130.15
2019-12-10,189.13
2019-12-11,111.83
2019-12-12,99.79
2019-12-13,164.40
2019-12-14,139.75
2019-12-15,110.44
2019-12-16,79.66
2019-12-17,140.79
2019-12-18,89.87
2019-12-19,70.52
2019-12-20,141.48
2019-12-21,155.23
2019-12-22,190.14
2019-12-23,110.91
2019-12-24,97.08
2019-12-25,43.46
2019-12-26,106.92
2019-12-27,127.92
2019-12-28,123.10
2019-12-29,245.14
2019-12-30,101.31
2019-12-31,105.75
2020-01-01,186.06
