observation_date,WLEMUINDXD
2011-12-31,223.59
2012-01-01,64.08
2012-01-02,107.92
2012-01-03,72.18
2012-01-04,13.75
2012-01-05,76.78
2012-01-06,27.62
2012-01-07,126.96
2012-01-08,27.81
2012-01-09,11.49
2012-01-10,59.61
2012-01-11,38.43
2012-01-12,15.71
2012-01-13,33.82
2012-01-14,31.02
2012-01-15,53.15
2012-01-16,34.87
2012-01-17,18.38
2012-01-18,13.20
2012-01-19,21.15
2012-01-20,26.56
2012-01-21,92.40
2012-01-22,36.00
2012-01-23,87.65
2012-01-24,109.30
2012-01-25,26.02
2012-01-26,15.86
2012-01-27,20.62
2012-01-28,72.97
2012-01-29,60.74
2012-01-30,11.74
2012-01-31,43.37
2012-02-01,12.93
2012-02-02,15.41
2012-02-03,20.48
2012-02-04,20.32
2012-02-05,26.51
2012-02-06,11.88
2012-02-07,85.07
2012-02-08,13.02
2012-02-09,20.12
2012-02-10,27.57
2012-02-11,42.04
2012-02-12,17.91
2012-02-13,22.98
2012-02-14,16.93
2012-02-15,6.66
2012-02-16,5.35
2012-02-17,13.71
2012-02-18,30.30
2012-02-19,42.56
2012-02-20,58.15
2012-02-21,34.94
2012-02-22,12.77
2012-02-23,10.54
2012-02-24,26.76
2012-02-25,61.72
2012-02-26,43.34
2012-02-27,45.99
2012-02-28,75.58
2012-02-29,84.35
2012-03-01,10.43
2012-03-02,6.69
2012-03-03,60.28
2012-03-04,8.78
2012-03-05,32.81
2012-03-06,33.54
2012-03-07,13.23
2012-03-08,81.81
2012-03-09,20.74
2012-03-10,42.57
2012-03-11,26.57
2012-03-12,22.80
2012-03-13,8.61
2012-03-14,6.66
2012-03-15,16.45
2012-03-16,49.00
2012-03-17,22.16
2012-03-18,17.95
2012-03-19,23.10
2012-03-20,16.67
2012-03-21,6.74
2012-03-22,10.76
2012-03-23,14.00
2012-03-24,21.63
2012-03-25,152.44
2012-03-26,11.52
2012-03-27,17.15
2012-03-28,6.63
2012-03-29,10.84
2012-03-30,20.68
2012-03-31,43.17
2012-04-01,9.02
2012-04-02,11.68
2012-04-03,76.99
2012-04-04,6.68
2012-04-05,5.44
2012-04-06,64.66
2012-04-07,35.08
2012-04-08,9.40
2012-04-09,24.05
2012-04-10,221.99
2012-04-11,19.66
2012-04-12,16.15
2012-04-13,6.97
2012-04-14,21.40
2012-04-15,17.68
2012-04-16,10.91
2012-04-17,23.95
2012-04-18,87.59
2012-04-19,71.88
2012-04-20,6.65
2012-04-21,73.91
2012-04-22,26.56
2012-04-23,289.11
2012-04-24,42.23
2012-04-25,6.38
2012-04-26,45.75
2012-04-27,27.06
2012-04-28,41.62
2012-04-29,8.86
2012-04-30,45.16
2012-05-01,49.79
2012-05-02,6.45
2012-05-03,21.89
2012-05-04,26.88
2012-05-05,31.20
2012-05-06,44.69
2012-05-07,22.19
2012-05-08,24.91
2012-05-09,32.12
2012-05-10,25.56
2012-05-11,13.78
2012-05-12,41.81
2012-05-13,44.47
2012-05-14,78.99
2012-05-15,98.34
2012-05-16,59.00
2012-05-17,40.89
2012-05-18,28.02
2012-05-19,93.83
2012-05-20,9.03
2012-05-21,11.51
2012-05-22,25.44
2012-05-23,33.30
2012-05-24,15.62
2012-05-25,13.99
2012-05-26,43.26
2012-05-27,9.24
2012-05-28,32.59
2012-05-29,40.36
2012-05-30,20.44
2012-05-31,128.82
2012-06-01,307.89
2012-06-02,260.76
2012-06-03,135.64
2012-06-04,81.54
2012-06-05,8.85
2012-06-06,20.47
2012-06-07,37.72
2012-06-08,7.14
2012-06-09,66.71
2012-06-10,54.37
2012-06-11,82.13
2012-06-12,80.54
2012-06-13,48.46
2012-06-14,39.08
2012-06-15,44.02
2012-06-16,191.15
2012-06-17,37.54
2012-06-18,95.97
2012-06-19,35.99
2012-06-20,40.64
2012-06-21,127.40
2012-06-22,179.60
2012-06-23,33.19
2012-06-24,55.46
2012-06-25,285.88
2012-06-26,116.00
2012-06-27,14.07
2012-06-28,100.03
2012-06-29,64.88
2012-06-30,44.88
2012-07-01,37.83
2012-07-02,22.78
2012-07-03,77.28
2012-07-04,10.49
2012-07-05,129.22
2012-07-06,38.87
2012-07-07,47.85
2012-07-08,29.77
2012-07-09,34.96
2012-07-10,71.32
2012-07-11,34.84
2012-07-12,239.72
2012-07-13,86.80
2012-07-14,34.23
2012-07-15,96.04
2012-07-16,34.85
2012-07-17,26.12
2012-07-18,35.09
2012-07-19,38.75
2012-07-20,14.87
2012-07-21,83.85
2012-07-22,114.89
2012-07-23,121.73
2012-07-24,25.52
2012-07-25,48.62
2012-07-26,76.14
2012-07-27,14.62
2012-07-28,78.80
2012-07-29,67.11
2012-07-30,23.69
2012-07-31,8.98
2012-08-01,34.37
2012-08-02,34.21
2012-08-03,14.71
2012-08-04,102.93
2012-08-05,19.03
2012-08-06,33.31
2012-08-07,36.13
2012-08-08,27.63
2012-08-09,62.20
2012-08-10,7.33
2012-08-11,80.32
2012-08-12,9.54
2012-08-13,61.29
2012-08-14,64.50
2012-08-15,248.44
2012-08-16,5.81
2012-08-17,7.33
2012-08-18,47.10
2012-08-19,18.92
2012-08-20,48.45
2012-08-21,26.33
2012-08-22,6.85
2012-08-23,157.09
2012-08-24,21.65
2012-08-25,33.63
2012-08-26,18.84
2012-08-27,47.92
2012-08-28,8.93
2012-08-29,110.03
2012-08-30,39.27
2012-08-31,36.30
2012-09-01,20.96
2012-09-02,28.57
2012-09-03,144.63
2012-09-04,61.48
2012-09-05,109.59
2012-09-06,16.70
2012-09-07,21.09
2012-09-08,72.59
2012-09-09,46.04
2012-09-10,82.28
2012-09-11,102.02
2012-09-12,176.89
2012-09-13,180.93
2012-09-14,21.20
2012-09-15,100.51
2012-09-16,54.97
2012-09-17,59.05
2012-09-18,80.43
2012-09-19,53.81
2012-09-20,10.94
2012-09-21,14.01
2012-09-22,51.57
2012-09-23,82.98
2012-09-24,23.72
2012-09-25,52.28
2012-09-26,20.78
2012-09-27,22.04
2012-09-28,28.41
2012-09-29,72.20
2012-09-30,18.38
2012-10-01,128.63
2012-10-02,284.15
2012-10-03,40.66
2012-10-04,113.73
2012-10-05,7.01
2012-10-06,90.06
2012-10-07,18.12
2012-10-08,24.54
2012-10-09,60.34
2012-10-10,13.56
2012-10-11,5.38
2012-10-12,6.83
2012-10-13,31.23
2012-10-14,8.93
2012-10-15,47.24
2012-10-16,61.20
2012-10-17,46.38
2012-10-18,37.41
2012-10-19,19.70
2012-10-20,50.96
2012-10-21,17.56
2012-10-22,70.02
2012-10-23,43.85
2012-10-24,13.54
2012-10-25,21.83
2012-10-26,7.00
2012-10-27,51.94
2012-10-28,60.07
2012-10-29,178.68
2012-10-30,45.95
2012-10-31,21.05
2012-11-01,10.88
2012-11-02,34.91
2012-11-03,89.75
2012-11-04,81.16
2012-11-05,307.30
2012-11-06,295.77
2012-11-07,139.71
2012-11-08,22.21
2012-11-09,21.26
2012-11-10,62.21
2012-11-11,36.64
2012-11-12,48.27
2012-11-13,98.17
2012-11-14,81.04
2012-11-15,74.05
2012-11-16,6.91
2012-11-17,86.47
2012-11-18,34.71
2012-11-19,59.38
2012-11-20,8.87
2012-11-21,6.77
2012-11-22,15.96
2012-11-23,35.82
2012-11-24,122.21
2012-11-25,401.59
2012-11-26,153.98
2012-11-27,36.58
2012-11-28,77.08
2012-11-29,158.30
2012-11-30,22.01
2012-12-01,43.93
2012-12-02,28.02
2012-12-03,60.22
2012-12-04,9.13
2012-12-05,20.52
2012-12-06,11.34
2012-12-07,7.17
2012-12-08,56.70
2012-12-09,65.76
2012-12-10,12.12
2012-12-11,55.35
2012-12-12,34.73
2012-12-13,5.85
2012-12-14,22.47
2012-12-15,151.65
2012-12-16,28.58
2012-12-17,11.88
2012-12-18,9.44
2012-12-19,27.90
2012-12-20,73.43
2012-12-21,15.48
2012-12-22,86.75
2012-12-23,63.64
2012-12-24,72.18
2012-12-25,226.67
2012-12-26,46.81
2012-12-27,71.81
2012-12-28,68.49
2012-12-29,323.98
2012-12-30,160.42
2012-12-31,205.10
2013-01-01,191.99
2013-01-02,151.38
2013-01-03,78.61
2013-01-04,15.12
2013-01-05,117.13
2013-01-06,108.72
2013-01-07,49.07
2013-01-08,63.43
2013-01-09,35.12
2013-01-10,11.55
2013-01-11,7.46
2013-01-12,78.30
2013-01-13,19.00
2013-01-14,24.14
2013-01-15,44.85
2013-01-16,55.68
2013-01-17,5.68
2013-01-18,14.79
2013-01-19,32.92
2013-01-20,28.58
2013-01-21,50.56
2013-01-22,47.11
2013-01-23,20.77
2013-01-24,22.73
2013-01-25,14.13
2013-01-26,44.47
2013-01-27,56.31
2013-01-28,49.26
2013-01-29,61.48
2013-01-30,206.48
2013-01-31,50.56
2013-02-01,42.60
2013-02-02,65.16
2013-02-03,94.03
2013-02-04,36.76
2013-02-05,35.49
2013-02-06,33.71
2013-02-07,44.75
2013-02-08,14.04
2013-02-09,10.93
2013-02-10,46.02
2013-02-11,58.62
2013-02-12,8.72
2013-02-13,54.78
2013-02-14,34.50
2013-02-15,14.68
2013-02-16,11.11
2013-02-17,36.65
2013-02-18,111.43
2013-02-19,27.24
2013-02-20,13.58
2013-02-21,38.23
2013-02-22,7.20
2013-02-23,10.76
2013-02-24,18.07
2013-02-25,35.08
2013-02-26,43.21
2013-02-27,33.48
2013-02-28,39.44
2013-03-01,14.06
2013-03-02,90.46
2013-03-03,38.07
2013-03-04,45.62
2013-03-05,59.15
2013-03-06,123.54
2013-03-07,60.40
2013-03-08,64.71
2013-03-09,274.11
2013-03-10,65.84
2013-03-11,71.17
2013-03-12,60.33
2013-03-13,95.48
2013-03-14,133.07
2013-03-15,65.61
2013-03-16,33.70
2013-03-17,47.56
2013-03-18,81.84
2013-03-19,52.74
2013-03-20,62.21
2013-03-21,196.60
2013-03-22,36.54
2013-03-23,11.50
2013-03-24,29.20
2013-03-25,108.19
2013-03-26,45.61
2013-03-27,56.34
2013-03-28,34.81
2013-03-29,30.73
2013-03-30,24.16
2013-03-31,29.59
2013-04-01,74.55
2013-04-02,36.17
2013-04-03,7.03
2013-04-04,34.69
2013-04-05,37.13
2013-04-06,22.74
2013-04-07,19.08
2013-04-08,60.05
2013-04-09,45.24
2013-04-10,48.74
2013-04-11,11.16
2013-04-12,14.96
2013-04-13,11.66
2013-04-14,19.41
2013-04-15,36.49
2013-04-16,8.93
2013-04-17,28.44
2013-04-18,22.41
2013-04-19,7.55
2013-04-20,11.56
2013-04-21,48.06
2013-04-22,12.13
2013-04-23,8.89
2013-04-24,6.91
2013-04-25,5.57
2013-04-26,7.33
2013-04-27,11.22
2013-04-28,48.96
2013-04-29,12.24
2013-04-30,8.92
2013-05-01,6.95
2013-05-02,11.39
2013-05-03,29.62
2013-05-04,34.13
2013-05-05,19.36
2013-05-06,24.11
2013-05-07,8.77
2013-05-08,6.88
2013-05-09,6.08
2013-05-10,7.42
2013-05-11,91.47
2013-05-12,48.87
2013-05-13,49.45
2013-05-14,17.89
2013-05-15,13.85
2013-05-16,6.17
2013-05-17,7.29
2013-05-18,122.95
2013-05-19,48.60
2013-05-20,12.51
2013-05-21,17.85
2013-05-22,77.74
2013-05-23,99.59
2013-05-24,15.34
2013-05-25,11.97
2013-05-26,9.90
2013-05-27,17.61
2013-05-28,10.62
2013-05-29,7.34
2013-05-30,12.73
2013-05-31,15.26
2013-06-01,11.95
2013-06-02,30.35
2013-06-03,37.56
2013-06-04,18.69
2013-06-05,28.80
2013-06-06,12.73
2013-06-07,22.71
2013-06-08,36.35
2013-06-09,29.99
2013-06-10,12.58
2013-06-11,28.73
2013-06-12,58.80
2013-06-13,24.17
2013-06-14,24.42
2013-06-15,37.25
2013-06-16,62.32
2013-06-17,77.72
2013-06-18,56.49
2013-06-19,15.05
2013-06-20,18.46
2013-06-21,62.95
2013-06-22,12.56
2013-06-23,41.33
2013-06-24,12.99
2013-06-25,28.66
2013-06-26,7.56
2013-06-27,12.71
2013-06-28,49.53
2013-06-29,165.79
2013-06-30,53.44
2013-07-01,25.74
2013-07-02,19.67
2013-07-03,7.56
2013-07-04,37.14
2013-07-05,19.00
2013-07-06,40.73
2013-07-07,86.88
2013-07-08,26.84
2013-07-09,9.84
2013-07-10,7.75
2013-07-11,6.39
2013-07-12,8.21
2013-07-13,13.00
2013-07-14,21.25
2013-07-15,13.22
2013-07-16,49.54
2013-07-17,38.53
2013-07-18,6.47
2013-07-19,24.68
2013-07-20,12.89
2013-07-21,21.35
2013-07-22,53.38
2013-07-23,29.64
2013-07-24,15.70
2013-07-25,6.54
2013-07-26,8.39
2013-07-27,12.83
2013-07-28,31.64
2013-07-29,13.43
2013-07-30,50.02
2013-07-31,47.02
2013-08-01,25.69
2013-08-02,16.72
2013-08-03,12.86
2013-08-04,21.10
2013-08-05,26.30
2013-08-06,9.95
2013-08-07,7.76
2013-08-08,6.43
2013-08-09,75.47
2013-08-10,193.22
2013-08-11,63.76
2013-08-12,66.20
2013-08-13,49.39
2013-08-14,46.74
2013-08-15,25.64
2013-08-16,8.37
2013-08-17,12.71
2013-08-18,63.61
2013-08-19,13.28
2013-08-20,29.29
2013-08-21,84.15
2013-08-22,12.67
2013-08-23,8.05
2013-08-24,24.27
2013-08-25,59.29
2013-08-26,112.71
2013-08-27,47.12
2013-08-28,51.17
2013-08-29,49.74
2013-08-30,46.32
2013-08-31,122.62
2013-09-01,40.69
2013-09-02,54.19
2013-09-03,10.50
2013-09-04,21.92
2013-09-05,6.14
2013-09-06,7.63
2013-09-07,64.34
2013-09-08,9.64
2013-09-09,12.11
2013-09-10,92.75
2013-09-11,7.41
2013-09-12,6.04
2013-09-13,7.49
2013-09-14,21.79
2013-09-15,19.91
2013-09-16,98.41
2013-09-17,83.87
2013-09-18,29.54
2013-09-19,42.25
2013-09-20,53.63
2013-09-21,108.15
2013-09-22,78.14
2013-09-23,37.77
2013-09-24,9.31
2013-09-25,86.28
2013-09-26,24.39
2013-09-27,45.20
2013-09-28,10.85
2013-09-29,9.81
2013-09-30,72.64
2013-10-01,36.59
2013-10-02,43.64
2013-10-03,49.10
2013-10-04,95.40
2013-10-05,117.46
2013-10-06,88.94
2013-10-07,24.61
2013-10-08,120.96
2013-10-09,85.06
2013-10-10,112.86
2013-10-11,66.66
2013-10-12,54.32
2013-10-13,128.05
2013-10-14,63.16
2013-10-15,471.18
2013-10-16,307.52
2013-10-17,379.64
2013-10-18,68.22
2013-10-19,44.33
2013-10-20,105.17
2013-10-21,28.66
2013-10-22,55.30
2013-10-23,93.58
2013-10-24,41.55
2013-10-25,45.09
2013-10-26,33.06
2013-10-27,38.21
2013-10-28,48.46
2013-10-29,84.81
2013-10-30,7.11
2013-10-31,29.64
2013-11-01,7.45
2013-11-02,21.41
2013-11-03,28.91
2013-11-04,11.99
2013-11-05,27.73
2013-11-06,71.53
2013-11-07,6.16
2013-11-08,7.43
2013-11-09,43.85
2013-11-10,38.98
2013-11-11,38.24
2013-11-12,10.12
2013-11-13,14.67
2013-11-14,18.36
2013-11-15,62.31
2013-11-16,33.63
2013-11-17,29.51
2013-11-18,24.53
2013-11-19,9.48
2013-11-20,51.34
2013-11-21,31.21
2013-11-22,15.33
2013-11-23,11.72
2013-11-24,128.71
2013-11-25,137.88
2013-11-26,57.52
2013-11-27,43.55
2013-11-28,16.94
2013-11-29,38.45
2013-11-30,12.93
2013-12-01,31.30
2013-12-02,50.46
2013-12-03,9.68
2013-12-04,14.75
2013-12-05,19.39
2013-12-06,7.83
2013-12-07,12.04
2013-12-08,30.24
2013-12-09,25.40
2013-12-10,38.30
2013-12-11,22.25
2013-12-12,18.98
2013-12-13,132.81
2013-12-14,36.13
2013-12-15,20.31
2013-12-16,66.20
2013-12-17,38.51
2013-12-18,60.36
2013-12-19,199.77
2013-12-20,40.21
2013-12-21,24.17
2013-12-22,41.62
2013-12-23,13.16
2013-12-24,11.12
2013-12-25,29.18
2013-12-26,17.41
2013-12-27,37.37
2013-12-28,13.20
2013-12-29,43.95
2013-12-30,53.27
2013-12-31,85.34
2014-01-01,164.06
2014-01-02,32.80
2014-01-03,52.40
2014-01-04,12.78
2014-01-05,137.37
2014-01-06,66.26
2014-01-07,19.72
2014-01-08,83.06
2014-01-09,6.33
2014-01-10,7.76
2014-01-11,11.08
2014-01-12,60.27
2014-01-13,23.87
2014-01-14,8.81
2014-01-15,7.11
2014-01-16,12.50
2014-01-17,15.19
2014-01-18,21.44
2014-01-19,19.12
2014-01-20,12.41
2014-01-21,9.44
2014-01-22,167.60
2014-01-23,85.32
2014-01-24,7.61
2014-01-25,43.54
2014-01-26,28.66
2014-01-27,34.90
2014-01-28,87.24
2014-01-29,43.25
2014-01-30,11.91
2014-01-31,28.96
2014-02-01,10.62
2014-02-02,46.39
2014-02-03,101.47
2014-02-04,17.13
2014-02-05,67.52
2014-02-06,57.62
2014-02-07,7.22
2014-02-08,10.71
2014-02-09,28.93
2014-02-10,23.15
2014-02-11,84.44
2014-02-12,41.26
2014-02-13,24.97
2014-02-14,13.39
2014-02-15,10.28
2014-02-16,9.08
2014-02-17,11.97
2014-02-18,9.28
2014-02-19,28.90
2014-02-20,12.36
2014-02-21,7.61
2014-02-22,22.85
2014-02-23,19.67
2014-02-24,49.14
2014-02-25,9.09
2014-02-26,7.24
2014-02-27,6.14
2014-02-28,7.48
2014-03-01,22.09
2014-03-02,9.31
2014-03-03,36.08
2014-03-04,54.86
2014-03-05,93.71
2014-03-06,90.05
2014-03-07,88.85
2014-03-08,54.68
2014-03-09,56.17
2014-03-10,24.23
2014-03-11,17.47
2014-03-12,21.13
2014-03-13,17.89
2014-03-14,7.46
2014-03-15,55.38
2014-03-16,9.33
2014-03-17,11.87
2014-03-18,8.89
2014-03-19,14.24
2014-03-20,36.26
2014-03-21,38.89
2014-03-22,72.96
2014-03-23,18.65
2014-03-24,12.12
2014-03-25,9.01
2014-03-26,7.17
2014-03-27,6.05
2014-03-28,52.86
2014-03-29,11.19
2014-03-30,9.33
2014-03-31,23.53
2014-04-01,79.94
2014-04-02,7.01
2014-04-03,6.10
2014-04-04,7.42
2014-04-05,11.03
2014-04-06,9.26
2014-04-07,28.66
2014-04-08,28.66
2014-04-09,6.98
2014-04-10,5.83
2014-04-11,7.25
2014-04-12,10.89
2014-04-13,28.60
2014-04-14,11.68
2014-04-15,8.75
2014-04-16,7.18
2014-04-17,17.88
2014-04-18,7.53
2014-04-19,11.21
2014-04-20,18.95
2014-04-21,12.38
2014-04-22,8.90
2014-04-23,6.96
2014-04-24,5.84
2014-04-25,7.35
2014-04-26,11.05
2014-04-27,9.29
2014-04-28,23.58
2014-04-29,35.13
2014-04-30,14.01
2014-05-01,5.91
2014-05-02,71.99
2014-05-03,10.91
2014-05-04,18.97
2014-05-05,11.99
2014-05-06,77.14
2014-05-07,6.92
2014-05-08,5.98
2014-05-09,14.49
2014-05-10,10.70
2014-05-11,8.85
2014-05-12,11.94
2014-05-13,8.87
2014-05-14,7.11
2014-05-15,12.14
2014-05-16,8.72
2014-05-17,107.44
2014-05-18,27.71
2014-05-19,11.74
2014-05-20,8.67
2014-05-21,6.98
2014-05-22,11.71
2014-05-23,14.98
2014-05-24,11.29
2014-05-25,9.52
2014-05-26,17.19
2014-05-27,10.08
2014-05-28,21.91
2014-05-29,12.28
2014-05-30,45.38
2014-05-31,23.26
2014-06-01,9.79
2014-06-02,12.17
2014-06-03,8.83
2014-06-04,7.13
2014-06-05,6.19
2014-06-06,22.93
2014-06-07,11.61
2014-06-08,9.57
2014-06-09,12.47
2014-06-10,9.13
2014-06-11,7.28
2014-06-12,6.15
2014-06-13,15.46
2014-06-14,11.58
2014-06-15,9.75
2014-06-16,12.16
2014-06-17,9.04
2014-06-18,14.72
2014-06-19,68.83
2014-06-20,15.59
2014-06-21,46.33
2014-06-22,39.70
2014-06-23,12.55
2014-06-24,18.66
2014-06-25,7.72
2014-06-26,6.68
2014-06-27,8.24
2014-06-28,12.08
2014-06-29,21.36
2014-06-30,13.15
2014-07-01,10.28
2014-07-02,8.43
2014-07-03,34.65
2014-07-04,11.47
2014-07-05,14.88
2014-07-06,79.07
2014-07-07,13.43
2014-07-08,9.58
2014-07-09,7.79
2014-07-10,6.68
2014-07-11,41.16
2014-07-12,13.13
2014-07-13,21.43
2014-07-14,37.73
2014-07-15,9.74
2014-07-16,15.69
2014-07-17,6.37
2014-07-18,32.77
2014-07-19,115.38
2014-07-20,10.50
2014-07-21,12.58
2014-07-22,9.32
2014-07-23,7.68
2014-07-24,6.42
2014-07-25,8.21
2014-07-26,74.69
2014-07-27,51.76
2014-07-28,12.99
2014-07-29,19.49
2014-07-30,7.88
2014-07-31,32.83
2014-08-01,16.36
2014-08-02,88.61
2014-08-03,62.77
2014-08-04,25.63
2014-08-05,9.58
2014-08-06,7.75
2014-08-07,7.28
2014-08-08,14.68
2014-08-09,13.06
2014-08-10,10.54
2014-08-11,13.07
2014-08-12,9.61
2014-08-13,7.88
2014-08-14,6.35
2014-08-15,8.07
2014-08-16,24.94
2014-08-17,10.37
2014-08-18,12.82
2014-08-19,9.54
2014-08-20,7.78
2014-08-21,6.40
2014-08-22,7.80
2014-08-23,109.03
2014-08-24,29.27
2014-08-25,26.10
2014-08-26,9.46
2014-08-27,7.53
2014-08-28,6.47
2014-08-29,62.76
2014-08-30,11.78
2014-08-31,10.34
2014-09-01,17.75
2014-09-02,10.42
2014-09-03,7.70
2014-09-04,6.47
2014-09-05,7.79
2014-09-06,11.23
2014-09-07,29.71
2014-09-08,12.31
2014-09-09,9.02
2014-09-10,7.25
2014-09-11,12.54
2014-09-12,7.64
2014-09-13,10.97
2014-09-14,9.76
2014-09-15,12.35
2014-09-16,9.04
2014-09-17,28.42
2014-09-18,6.25
2014-09-19,15.03
2014-09-20,98.08
2014-09-21,19.25
2014-09-22,12.05
2014-09-23,79.78
2014-09-24,60.04
2014-09-25,6.23
2014-09-26,7.56
2014-09-27,10.71
2014-09-28,9.85
2014-09-29,12.10
2014-09-30,44.64
2014-10-01,21.84
2014-10-02,19.45
2014-10-03,7.53
2014-10-04,10.98
2014-10-05,9.62
2014-10-06,11.88
2014-10-07,54.57
2014-10-08,7.23
2014-10-09,25.72
2014-10-10,113.77
2014-10-11,32.98
2014-10-12,29.31
2014-10-13,24.56
2014-10-14,9.09
2014-10-15,14.47
2014-10-16,45.37
2014-10-17,83.92
2014-10-18,21.84
2014-10-19,9.69
2014-10-20,11.96
2014-10-21,26.71
2014-10-22,28.07
2014-10-23,6.60
2014-10-24,15.19
2014-10-25,21.61
2014-10-26,27.06
2014-10-27,33.76
2014-10-28,9.00
2014-10-29,21.58
2014-10-30,24.41
2014-10-31,7.50
2014-11-01,10.87
2014-11-02,9.64
2014-11-03,24.16
2014-11-04,9.03
2014-11-05,7.01
2014-11-06,6.20
2014-11-07,7.84
2014-11-08,11.49
2014-11-09,19.70
2014-11-10,11.99
2014-11-11,19.17
2014-11-12,7.68
2014-11-13,12.34
2014-11-14,15.58
2014-11-15,11.45
2014-11-16,29.80
2014-11-17,11.98
2014-11-18,9.24
2014-11-19,7.49
2014-11-20,6.34
2014-11-21,8.00
2014-11-22,11.58
2014-11-23,9.92
2014-11-24,36.39
2014-11-25,18.63
2014-11-26,7.82
2014-11-27,17.74
2014-11-28,9.85
2014-11-29,13.10
2014-11-30,10.73
2014-12-01,12.07
2014-12-02,9.35
2014-12-03,7.59
2014-12-04,12.95
2014-12-05,15.79
2014-12-06,11.85
2014-12-07,20.12
2014-12-08,24.09
2014-12-09,8.98
2014-12-10,14.79
2014-12-11,6.44
2014-12-12,31.89
2014-12-13,11.86
2014-12-14,51.64
2014-12-15,12.13
2014-12-16,9.14
2014-12-17,45.86
2014-12-18,85.59
2014-12-19,15.75
2014-12-20,12.23
2014-12-21,10.61
2014-12-22,12.53
2014-12-23,9.82
2014-12-24,17.29
2014-12-25,11.40
2014-12-26,10.80
2014-12-27,13.85
2014-12-28,32.98
2014-12-29,12.87
2014-12-30,30.10
2014-12-31,101.77
2015-01-01,54.58
2015-01-02,20.38
2015-01-03,65.17
2015-01-04,64.23
2015-01-05,12.53
2015-01-06,9.34
2015-01-07,14.97
2015-01-08,26.03
2015-01-09,7.76
2015-01-10,11.87
2015-01-11,19.88
2015-01-12,11.86
2015-01-13,8.98
2015-01-14,7.20
2015-01-15,12.79
2015-01-16,15.58
2015-01-17,22.76
2015-01-18,28.66
2015-01-19,25.12
2015-01-20,18.38
2015-01-21,57.01
2015-01-22,30.68
2015-01-23,15.40
2015-01-24,34.23
2015-01-25,19.69
2015-01-26,11.86
2015-01-27,45.21
2015-01-28,14.93
2015-01-29,6.40
2015-01-30,115.71
2015-01-31,67.26
2015-02-01,9.71
2015-02-02,12.27
2015-02-03,9.06
2015-02-04,7.33
2015-02-05,12.86
2015-02-06,23.26
2015-02-07,22.89
2015-02-08,29.83
2015-02-09,48.30
2015-02-10,73.17
2015-02-11,58.88
2015-02-12,6.43
2015-02-13,7.96
2015-02-14,22.80
2015-02-15,19.75
2015-02-16,12.26
2015-02-17,9.48
2015-02-18,7.48
2015-02-19,124.64
2015-02-20,7.77
2015-02-21,11.08
2015-02-22,9.52
2015-02-23,11.66
2015-02-24,9.05
2015-02-25,7.20
2015-02-26,6.43
2015-02-27,7.70
2015-02-28,11.29
2015-03-01,9.64
2015-03-02,11.78
2015-03-03,8.99
2015-03-04,7.38
2015-03-05,6.47
2015-03-06,7.73
2015-03-07,11.21
2015-03-08,9.75
2015-03-09,47.28
2015-03-10,8.94
2015-03-11,7.28
2015-03-12,6.36
2015-03-13,7.62
2015-03-14,11.33
2015-03-15,9.60
2015-03-16,11.81
2015-03-17,8.96
2015-03-18,29.26
2015-03-19,19.73
2015-03-20,31.01
2015-03-21,11.59
2015-03-22,48.66
2015-03-23,47.18
2015-03-24,26.92
2015-03-25,14.45
2015-03-26,6.42
2015-03-27,7.54
2015-03-28,88.69
2015-03-29,18.47
2015-03-30,11.96
2015-03-31,9.11
2015-04-01,7.30
2015-04-02,45.55
2015-04-03,39.48
2015-04-04,179.95
2015-04-05,96.80
2015-04-06,49.33
2015-04-07,35.17
2015-04-08,7.23
2015-04-09,6.30
2015-04-10,7.73
2015-04-11,22.34
2015-04-12,28.73
2015-04-13,22.61
2015-04-14,26.30
2015-04-15,14.27
2015-04-16,6.23
2015-04-17,7.64
2015-04-18,22.70
2015-04-19,19.03
2015-04-20,11.31
2015-04-21,8.73
2015-04-22,6.93
2015-04-23,6.29
2015-04-24,7.49
2015-04-25,45.57
2015-04-26,9.72
2015-04-27,11.46
2015-04-28,8.84
2015-04-29,7.28
2015-04-30,19.44
2015-05-01,7.59
2015-05-02,11.36
2015-05-03,38.67
2015-05-04,11.82
2015-05-05,17.85
2015-05-06,14.72
2015-05-07,32.47
2015-05-08,7.88
2015-05-09,70.05
2015-05-10,20.24
2015-05-11,12.20
2015-05-12,9.11
2015-05-13,7.29
2015-05-14,6.48
2015-05-15,7.80
2015-05-16,11.87
2015-05-17,9.84
2015-05-18,12.23
2015-05-19,9.19
2015-05-20,7.36
2015-05-21,13.34
2015-05-22,31.49
2015-05-23,47.47
2015-05-24,10.37
2015-05-25,18.27
2015-05-26,31.73
2015-05-27,7.65
2015-05-28,6.60
2015-05-29,8.00
2015-05-30,11.77
2015-05-31,10.27
2015-06-01,12.50
2015-06-02,9.33
2015-06-03,7.63
2015-06-04,19.77
2015-06-05,81.73
2015-06-06,11.86
2015-06-07,100.92
2015-06-08,12.76
2015-06-09,9.55
2015-06-10,7.65
2015-06-11,7.17
2015-06-12,24.68
2015-06-13,12.41
2015-06-14,10.23
2015-06-15,12.53
2015-06-16,9.63
2015-06-17,7.83
2015-06-18,6.89
2015-06-19,8.38
2015-06-20,12.63
2015-06-21,10.49
2015-06-22,38.87
2015-06-23,48.32
2015-06-24,8.03
2015-06-25,6.98
2015-06-26,16.77
2015-06-27,12.73
2015-06-28,10.76
2015-06-29,12.88
2015-06-30,60.07
2015-07-01,32.88
2015-07-02,7.32
2015-07-03,9.85
2015-07-04,16.51
2015-07-05,11.44
2015-07-06,41.48
2015-07-07,40.91
2015-07-08,122.87
2015-07-09,36.82
2015-07-10,34.35
2015-07-11,135.01
2015-07-12,108.11
2015-07-13,26.25
2015-07-14,39.73
2015-07-15,16.30
2015-07-16,7.27
2015-07-17,17.09
2015-07-18,13.49
2015-07-19,43.17
2015-07-20,27.18
2015-07-21,19.86
2015-07-22,24.43
2015-07-23,7.38
2015-07-24,8.77
2015-07-25,13.22
2015-07-26,10.51
2015-07-27,26.65
2015-07-28,9.99
2015-07-29,16.66
2015-07-30,7.22
2015-07-31,17.11
2015-08-01,13.05
2015-08-02,10.98
2015-08-03,12.87
2015-08-04,200.88
2015-08-05,16.41
2015-08-06,6.99
2015-08-07,8.72
2015-08-08,13.07
2015-08-09,10.86
2015-08-10,13.58
2015-08-11,10.14
2015-08-12,8.33
2015-08-13,43.12
2015-08-14,8.58
2015-08-15,13.33
2015-08-16,44.43
2015-08-17,13.81
2015-08-18,9.97
2015-08-19,7.85
2015-08-20,6.75
2015-08-21,219.00
2015-08-22,114.10
2015-08-23,63.15
2015-08-24,374.86
2015-08-25,716.48
2015-08-26,245.51
2015-08-27,60.31
2015-08-28,154.88
2015-08-29,228.00
2015-08-30,267.08
2015-08-31,74.79
2015-09-01,102.98
2015-09-02,69.27
2015-09-03,59.14
2015-09-04,169.87
2015-09-05,287.77
2015-09-06,124.70
2015-09-07,92.36
2015-09-08,74.75
2015-09-09,106.98
2015-09-10,65.20
2015-09-11,101.94
2015-09-12,113.35
2015-09-13,141.81
2015-09-14,77.41
2015-09-15,10.60
2015-09-16,32.21
2015-09-17,83.16
2015-09-18,70.88
2015-09-19,11.47
2015-09-20,90.83
2015-09-21,63.55
2015-09-22,47.97
2015-09-23,77.41
2015-09-24,44.77
2015-09-25,23.28
2015-09-26,76.90
2015-09-27,58.99
2015-09-28,60.79
2015-09-29,67.08
2015-09-30,45.36
2015-10-01,56.24
2015-10-02,46.42
2015-10-03,66.31
2015-10-04,129.85
2015-10-05,25.21
2015-10-06,37.58
2015-10-07,30.36
2015-10-08,18.86
2015-10-09,15.94
2015-10-10,56.11
2015-10-11,81.63
2015-10-12,13.47
2015-10-13,28.98
2015-10-14,62.33
2015-10-15,20.07
2015-10-16,23.73
2015-10-17,58.78
2015-10-18,61.43
2015-10-19,37.17
2015-10-20,9.15
2015-10-21,15.11
2015-10-22,26.36
2015-10-23,71.71
2015-10-24,135.17
2015-10-25,38.89
2015-10-26,12.32
2015-10-27,9.32
2015-10-28,45.35
2015-10-29,6.77
2015-10-30,23.27
2015-10-31,10.98
2015-11-01,19.60
2015-11-02,49.30
2015-11-03,18.19
2015-11-04,44.54
2015-11-05,6.68
2015-11-06,7.95
2015-11-07,11.26
2015-11-08,9.80
2015-11-09,12.24
2015-11-10,9.67
2015-11-11,15.72
2015-11-12,6.74
2015-11-13,8.03
2015-11-14,11.84
2015-11-15,41.59
2015-11-16,37.99
2015-11-17,18.52
2015-11-18,7.81
2015-11-19,6.69
2015-11-20,64.03
2015-11-21,11.38
2015-11-22,57.55
2015-11-23,12.18
2015-11-24,9.45
2015-11-25,7.66
2015-11-26,9.31
2015-11-27,9.88
2015-11-28,12.89
2015-11-29,10.63
2015-11-30,12.52
2015-12-01,9.75
2015-12-02,7.81
2015-12-03,13.55
2015-12-04,8.26
2015-12-05,23.46
2015-12-06,20.51
2015-12-07,12.14
2015-12-08,9.62
2015-12-09,15.81
2015-12-10,6.75
2015-12-11,25.66
2015-12-12,12.46
2015-12-13,32.21
2015-12-14,27.10
2015-12-15,78.01
2015-12-16,58.09
2015-12-17,56.91
2015-12-18,26.20
2015-12-19,25.56
2015-12-20,67.60
2015-12-21,13.84
2015-12-22,42.63
2015-12-23,8.98
2015-12-24,8.52
2015-12-25,15.33
2015-12-26,16.94
2015-12-27,47.61
2015-12-28,44.06
2015-12-29,55.40
2015-12-30,36.48
2015-12-31,57.65
2016-01-01,80.76
2016-01-02,31.17
2016-01-03,80.79
2016-01-04,26.70
2016-01-05,9.88
2016-01-06,7.95
2016-01-07,21.06
2016-01-08,127.99
2016-01-09,24.23
2016-01-10,123.84
2016-01-11,52.37
2016-01-12,19.54
2016-01-13,47.15
2016-01-14,27.24
2016-01-15,108.08
2016-01-16,235.27
2016-01-17,62.48
2016-01-18,42.69
2016-01-19,101.49
2016-01-20,55.18
2016-01-21,203.34
2016-01-22,75.38
2016-01-23,261.03
2016-01-24,105.33
2016-01-25,65.26
2016-01-26,38.49
2016-01-27,84.70
2016-01-28,21.11
2016-01-29,32.90
2016-01-30,36.17
2016-01-31,131.25
2016-02-01,86.83
2016-02-02,56.56
2016-02-03,51.91
2016-02-04,6.43
2016-02-05,16.06
2016-02-06,23.54
2016-02-07,100.43
2016-02-08,39.74
2016-02-09,9.70
2016-02-10,84.21
2016-02-11,93.13
2016-02-12,64.11
2016-02-13,74.07
2016-02-14,70.50
2016-02-15,55.00
2016-02-16,29.76
2016-02-17,76.65
2016-02-18,77.94
2016-02-19,31.41
2016-02-20,35.29
2016-02-21,78.43
2016-02-22,24.45
2016-02-23,37.63
2016-02-24,22.29
2016-02-25,6.56
2016-02-26,39.26
2016-02-27,11.86
2016-02-28,128.56
2016-02-29,76.71
2016-03-01,28.79
2016-03-02,43.73
2016-03-03,20.41
2016-03-04,36.81
2016-03-05,108.79
2016-03-06,69.50
2016-03-07,9.84
2016-03-08,7.53
2016-03-09,11.21
2016-03-10,5.29
2016-03-11,6.40
2016-03-12,63.47
2016-03-13,18.33
2016-03-14,10.13
2016-03-15,7.49
2016-03-16,11.11
2016-03-17,5.01
2016-03-18,12.79
2016-03-19,10.78
2016-03-20,17.63
2016-03-21,41.02
2016-03-22,60.98
2016-03-23,5.50
2016-03-24,10.13
2016-03-25,6.37
2016-03-26,32.22
2016-03-27,43.85
2016-03-28,19.85
2016-03-29,43.99
2016-03-30,133.45
2016-03-31,10.06
2016-04-01,6.15
2016-04-02,42.74
2016-04-03,35.03
2016-04-04,74.26
2016-04-05,13.50
2016-04-06,5.28
2016-04-07,18.96
2016-04-08,12.22
2016-04-09,10.40
2016-04-10,26.11
2016-04-11,9.15
2016-04-12,13.92
2016-04-13,15.65
2016-04-14,14.06
2016-04-15,5.96
2016-04-16,10.34
2016-04-17,17.59
2016-04-18,17.43
2016-04-19,6.78
2016-04-20,10.84
2016-04-21,14.99
2016-04-22,30.71
2016-04-23,20.28
2016-04-24,16.86
2016-04-25,9.82
2016-04-26,21.62
2016-04-27,52.97
2016-04-28,4.84
2016-04-29,11.53
2016-04-30,9.85
2016-05-01,17.02
2016-05-02,45.45
2016-05-03,14.02
2016-05-04,21.05
2016-05-05,4.97
2016-05-06,6.32
2016-05-07,30.65
2016-05-08,25.19
2016-05-09,8.71
2016-05-10,6.89
2016-05-11,10.58
2016-05-12,14.30
2016-05-13,6.04
2016-05-14,10.19
2016-05-15,17.33
2016-05-16,33.44
2016-05-17,13.55
2016-05-18,5.26
2016-05-19,4.80
2016-05-20,6.19
2016-05-21,71.69
2016-05-22,26.18
2016-05-23,60.32
2016-05-24,7.54
2016-05-25,5.64
2016-05-26,5.05
2016-05-27,6.31
2016-05-28,10.77
2016-05-29,53.40
2016-05-30,15.69
2016-05-31,42.17
2016-06-01,23.10
2016-06-02,5.07
2016-06-03,13.06
2016-06-04,11.06
2016-06-05,126.84
2016-06-06,56.61
2016-06-07,87.61
2016-06-08,23.21
2016-06-09,5.22
2016-06-10,13.26
2016-06-11,44.36
2016-06-12,53.86
2016-06-13,21.08
2016-06-14,36.62
2016-06-15,35.77
2016-06-16,51.13
2016-06-17,34.53
2016-06-18,11.39
2016-06-19,8.97
2016-06-20,82.94
2016-06-21,23.06
2016-06-22,75.90
2016-06-23,92.52
2016-06-24,547.55
2016-06-25,1079.03
2016-06-26,351.52
2016-06-27,250.34
2016-06-28,481.40
2016-06-29,189.42
2016-06-30,126.12
2016-07-01,149.16
2016-07-02,92.47
2016-07-03,263.38
2016-07-04,85.34
2016-07-05,62.92
2016-07-06,193.06
2016-07-07,60.70
2016-07-08,124.09
2016-07-09,81.87
2016-07-10,105.89
2016-07-11,42.49
2016-07-12,91.38
2016-07-13,85.89
2016-07-14,21.45
2016-07-15,6.95
2016-07-16,46.49
2016-07-17,37.73
2016-07-18,40.84
2016-07-19,32.23
2016-07-20,36.13
2016-07-21,16.47
2016-07-22,14.14
2016-07-23,35.87
2016-07-24,57.26
2016-07-25,10.28
2016-07-26,54.55
2016-07-27,29.86
2016-07-28,22.28
2016-07-29,21.23
2016-07-30,11.44
2016-07-31,28.03
2016-08-01,10.36
2016-08-02,40.50
2016-08-03,17.86
2016-08-04,10.66
2016-08-05,48.34
2016-08-06,22.35
2016-08-07,46.76
2016-08-08,126.99
2016-08-09,48.57
2016-08-10,85.86
2016-08-11,16.22
2016-08-12,13.78
2016-08-13,22.27
2016-08-14,55.62
2016-08-15,31.29
2016-08-16,7.91
2016-08-17,6.10
2016-08-18,5.23
2016-08-19,20.11
2016-08-20,10.86
2016-08-21,9.05
2016-08-22,9.52
2016-08-23,7.59
2016-08-24,11.95
2016-08-25,35.48
2016-08-26,56.53
2016-08-27,30.45
2016-08-28,63.42
2016-08-29,69.87
2016-08-30,35.89
2016-08-31,27.44
2016-09-01,168.53
2016-09-02,18.93
2016-09-03,10.06
2016-09-04,72.09
2016-09-05,15.23
2016-09-06,7.95
2016-09-07,5.82
2016-09-08,5.07
2016-09-09,6.24
2016-09-10,19.32
2016-09-11,26.35
2016-09-12,31.14
2016-09-13,42.62
2016-09-14,10.83
2016-09-15,10.04
2016-09-16,6.44
2016-09-17,9.97
2016-09-18,44.27
2016-09-19,39.09
2016-09-20,14.73
2016-09-21,5.15
2016-09-22,5.16
2016-09-23,6.13
2016-09-24,10.03
2016-09-25,8.79
2016-09-26,10.09
2016-09-27,7.48
2016-09-28,35.57
2016-09-29,5.44
2016-09-30,13.10
2016-10-01,29.51
2016-10-02,44.86
2016-10-03,69.12
2016-10-04,42.12
2016-10-05,11.38
2016-10-06,21.19
2016-10-07,23.98
2016-10-08,21.11
2016-10-09,18.50
2016-10-10,19.95
2016-10-11,7.16
2016-10-12,6.00
2016-10-13,20.45
2016-10-14,12.45
2016-10-15,9.99
2016-10-16,97.64
2016-10-17,141.07
2016-10-18,7.03
2016-10-19,5.75
2016-10-20,5.12
2016-10-21,12.78
2016-10-22,9.91
2016-10-23,26.04
2016-10-24,20.53
2016-10-25,22.55
2016-10-26,11.18
2016-10-27,25.45
2016-10-28,43.90
2016-10-29,57.63
2016-10-30,33.92
2016-10-31,20.12
2016-11-01,13.80
2016-11-02,5.32
2016-11-03,34.08
2016-11-04,36.47
2016-11-05,48.76
2016-11-06,25.79
2016-11-07,34.13
2016-11-08,83.62
2016-11-09,203.15
2016-11-10,221.84
2016-11-11,60.43
2016-11-12,99.72
2016-11-13,98.99
2016-11-14,154.75
2016-11-15,28.32
2016-11-16,40.10
2016-11-17,59.36
2016-11-18,34.71
2016-11-19,30.95
2016-11-20,54.65
2016-11-21,19.03
2016-11-22,7.26
2016-11-23,5.67
2016-11-24,7.88
2016-11-25,40.87
2016-11-26,11.39
2016-11-27,57.98
2016-11-28,10.59
2016-11-29,15.54
2016-11-30,16.72
2016-12-01,36.30
2016-12-02,6.31
2016-12-03,30.79
2016-12-04,63.08
2016-12-05,19.30
2016-12-06,7.18
2016-12-07,26.92
2016-12-08,21.60
2016-12-09,31.14
2016-12-10,10.36
2016-12-11,18.85
2016-12-12,46.62
2016-12-13,28.98
2016-12-14,5.44
2016-12-15,372.23
2016-12-16,12.68
2016-12-17,21.63
2016-12-18,19.19
2016-12-19,10.92
2016-12-20,51.85
2016-12-21,5.45
2016-12-22,22.03
2016-12-23,14.42
2016-12-24,25.29
2016-12-25,35.13
2016-12-26,34.13
2016-12-27,64.09
2016-12-28,46.40
2016-12-29,38.07
2016-12-30,52.94
2016-12-31,57.57
2017-01-01,170.26
2017-01-02,15.89
2017-01-03,24.40
2017-01-04,17.46
2017-01-05,84.05
2017-01-06,7.07
2017-01-07,32.15
2017-01-08,66.65
2017-01-09,45.66
2017-01-10,21.34
2017-01-11,45.10
2017-01-12,5.31
2017-01-13,127.10
2017-01-14,10.49
2017-01-15,85.55
2017-01-16,41.34
2017-01-17,145.98
2017-01-18,16.18
2017-01-19,5.23
2017-01-20,53.09
2017-01-21,29.13
2017-01-22,95.60
2017-01-23,59.46
2017-01-24,27.50
2017-01-25,5.35
2017-01-26,19.13
2017-01-27,24.45
2017-01-28,52.56
2017-01-29,36.90
2017-01-30,17.26
2017-01-31,15.24
2017-02-01,27.34
2017-02-02,9.94
2017-02-03,18.80
2017-02-04,9.70
2017-02-05,36.97
2017-02-06,35.20
2017-02-07,13.90
2017-02-08,5.48
2017-02-09,25.02
2017-02-10,12.65
2017-02-11,20.12
2017-02-12,37.06
2017-02-13,9.29
2017-02-14,34.30
2017-02-15,11.02
2017-02-16,5.08
2017-02-17,100.31
2017-02-18,19.96
2017-02-19,8.77
2017-02-20,8.26
2017-02-21,27.86
2017-02-22,58.98
2017-02-23,4.94
2017-02-24,6.19
2017-02-25,18.40
2017-02-26,25.89
2017-02-27,18.13
2017-02-28,20.93
2017-03-01,16.02
2017-03-02,15.18
2017-03-03,23.94
2017-03-04,29.29
2017-03-05,26.65
2017-03-06,9.44
2017-03-07,20.76
2017-03-08,16.34
2017-03-09,21.77
2017-03-10,5.95
2017-03-11,30.21
2017-03-12,9.18
2017-03-13,8.24
2017-03-14,99.89
2017-03-15,15.90
2017-03-16,20.87
2017-03-17,6.33
2017-03-18,10.42
2017-03-19,8.96
2017-03-20,101.07
2017-03-21,21.68
2017-03-22,5.40
2017-03-23,10.65
2017-03-24,12.99
2017-03-25,10.88
2017-03-26,8.92
2017-03-27,8.73
2017-03-28,6.73
2017-03-29,10.29
2017-03-30,5.11
2017-03-31,5.99
2017-04-01,10.54
2017-04-02,9.20
2017-04-03,50.65
2017-04-04,6.50
2017-04-05,4.94
2017-04-06,15.45
2017-04-07,17.26
2017-04-08,53.49
2017-04-09,72.98
2017-04-10,9.12
2017-04-11,7.33
2017-04-12,10.98
2017-04-13,9.80
2017-04-14,43.77
2017-04-15,10.85
2017-04-16,19.00
2017-04-17,108.62
2017-04-18,53.55
2017-04-19,5.10
2017-04-20,14.66
2017-04-21,5.84
2017-04-22,30.95
2017-04-23,26.98
2017-04-24,29.85
2017-04-25,49.13
2017-04-26,14.59
2017-04-27,10.68
2017-04-28,6.10
2017-04-29,10.86
2017-04-30,9.06
2017-05-01,8.53
2017-05-02,6.92
2017-05-03,5.18
2017-05-04,5.04
2017-05-05,24.46
2017-05-06,10.85
2017-05-07,27.45
2017-05-08,19.16
2017-05-09,7.69
2017-05-10,5.70
2017-05-11,21.78
2017-05-12,33.31
2017-05-13,44.27
2017-05-14,9.14
2017-05-15,97.64
2017-05-16,7.74
2017-05-17,35.32
2017-05-18,43.71
2017-05-19,20.21
2017-05-20,22.18
2017-05-21,37.06
2017-05-22,43.90
2017-05-23,7.75
2017-05-24,6.05
2017-05-25,5.65
2017-05-26,6.88
2017-05-27,11.94
2017-05-28,9.42
2017-05-29,16.63
2017-05-30,9.16
2017-05-31,302.37
2017-06-01,5.84
2017-06-02,7.00
2017-06-03,24.04
2017-06-04,29.99
2017-06-05,11.26
2017-06-06,8.00
2017-06-07,6.05
2017-06-08,17.41
2017-06-09,7.20
2017-06-10,11.77
2017-06-11,38.40
2017-06-12,11.26
2017-06-13,8.25
2017-06-14,6.09
2017-06-15,5.87
2017-06-16,7.25
2017-06-17,11.99
2017-06-18,9.70
2017-06-19,11.63
2017-06-20,8.44
2017-06-21,12.25
2017-06-22,12.01
2017-06-23,7.24
2017-06-24,23.59
2017-06-25,19.53
2017-06-26,23.59
2017-06-27,8.73
2017-06-28,12.83
2017-06-29,6.14
2017-06-30,29.37
2017-07-01,36.46
2017-07-02,10.30
2017-07-03,24.26
2017-07-04,13.77
2017-07-05,28.52
2017-07-06,12.54
2017-07-07,45.94
2017-07-08,12.28
2017-07-09,20.39
2017-07-10,11.62
2017-07-11,17.21
2017-07-12,12.68
2017-07-13,6.23
2017-07-14,22.30
2017-07-15,11.92
2017-07-16,10.22
2017-07-17,34.73
2017-07-18,16.66
2017-07-19,6.43
2017-07-20,6.13
2017-07-21,7.41
2017-07-22,12.18
2017-07-23,50.31
2017-07-24,512.25
2017-07-25,148.18
2017-07-26,12.77
2017-07-27,5.90
2017-07-28,7.44
2017-07-29,12.25
2017-07-30,30.27
2017-07-31,11.81
2017-08-01,8.44
2017-08-02,12.55
2017-08-03,6.16
2017-08-04,7.29
2017-08-05,11.97
2017-08-06,19.95
2017-08-07,10.57
2017-08-08,16.59
2017-08-09,12.54
2017-08-10,12.49
2017-08-11,29.36
2017-08-12,12.18
2017-08-13,10.21
2017-08-14,35.02
2017-08-15,25.33
2017-08-16,18.79
2017-08-17,5.97
2017-08-18,43.20
2017-08-19,22.80
2017-08-20,19.52
2017-08-21,591.21
2017-08-22,32.50
2017-08-23,18.13
2017-08-24,5.93
2017-08-25,40.59
2017-08-26,10.79
2017-08-27,95.56
2017-08-28,31.70
2017-08-29,7.92
2017-08-30,11.61
2017-08-31,16.26
2017-09-01,6.29
2017-09-02,19.14
2017-09-03,27.86
2017-09-04,29.62
2017-09-05,8.12
2017-09-06,23.38
2017-09-07,5.40
2017-09-08,6.47
2017-09-09,9.00
2017-09-10,8.80
2017-09-11,10.30
2017-09-12,7.75
2017-09-13,5.85
2017-09-14,5.45
2017-09-15,6.33
2017-09-16,9.37
2017-09-17,44.33
2017-09-18,10.00
2017-09-19,7.65
2017-09-20,5.73
2017-09-21,5.38
2017-09-22,6.37
2017-09-23,9.21
2017-09-24,26.60
2017-09-25,10.25
2017-09-26,83.96
2017-09-27,5.75
2017-09-28,5.52
2017-09-29,57.78
2017-09-30,9.84
2017-10-01,26.44
2017-10-02,9.89
2017-10-03,7.65
2017-10-04,17.21
2017-10-05,5.38
2017-10-06,25.71
2017-10-07,9.39
2017-10-08,18.10
2017-10-09,20.50
2017-10-10,7.52
2017-10-11,21.89
2017-10-12,5.49
2017-10-13,6.21
2017-10-14,9.49
2017-10-15,8.64
2017-10-16,39.75
2017-10-17,7.63
2017-10-18,5.59
2017-10-19,27.07
2017-10-20,12.58
2017-10-21,9.69
2017-10-22,69.06
2017-10-23,77.31
2017-10-24,7.52
2017-10-25,5.64
2017-10-26,5.36
2017-10-27,12.40
2017-10-28,48.20
2017-10-29,51.93
2017-10-30,49.90
2017-10-31,31.12
2017-11-01,28.24
2017-11-02,27.31
2017-11-03,12.69
2017-11-04,9.22
2017-11-05,8.34
2017-11-06,10.10
2017-11-07,60.57
2017-11-08,105.19
2017-11-09,10.68
2017-11-10,24.84
2017-11-11,66.29
2017-11-12,86.10
2017-11-13,29.53
2017-11-14,7.65
2017-11-15,5.65
2017-11-16,11.00
2017-11-17,6.31
2017-11-18,19.87
2017-11-19,26.12
2017-11-20,9.94
2017-11-21,29.51
2017-11-22,5.79
2017-11-23,16.27
2017-11-24,15.26
2017-11-25,10.66
2017-11-26,9.19
2017-11-27,10.21
2017-11-28,374.38
2017-11-29,5.69
2017-11-30,5.55
2017-12-01,26.86
2017-12-02,10.26
2017-12-03,8.51
2017-12-04,20.41
2017-12-05,68.33
2017-12-06,5.84
2017-12-07,16.87
2017-12-08,6.67
2017-12-09,11.00
2017-12-10,9.57
2017-12-11,10.69
2017-12-12,7.93
2017-12-13,17.07
2017-12-14,22.81
2017-12-15,82.57
2017-12-16,87.35
2017-12-17,76.14
2017-12-18,41.47
2017-12-19,8.01
2017-12-20,5.56
2017-12-21,39.72
2017-12-22,7.34
2017-12-23,12.13
2017-12-24,54.87
2017-12-25,20.56
2017-12-26,41.35
2017-12-27,13.95
2017-12-28,12.77
2017-12-29,23.07
2017-12-30,47.60
2017-12-31,89.84
2018-01-01,16.72
2018-01-02,9.12
2018-01-03,12.52
2018-01-04,70.37
2018-01-05,34.79
2018-01-06,20.95
2018-01-07,47.03
2018-01-08,9.66
2018-01-09,7.52
2018-01-10,23.41
2018-01-11,5.75
2018-01-12,12.85
2018-01-13,10.71
2018-01-14,142.24
2018-01-15,11.35
2018-01-16,32.33
2018-01-17,11.59
2018-01-18,5.63
2018-01-19,20.46
2018-01-20,53.38
2018-01-21,28.10
2018-01-22,30.07
2018-01-23,36.23
2018-01-24,10.65
2018-01-25,31.49
2018-01-26,18.43
2018-01-27,30.72
2018-01-28,44.74
2018-01-29,44.75
2018-01-30,41.47
2018-01-31,27.74
2018-02-01,16.34
2018-02-02,25.71
2018-02-03,21.00
2018-02-04,9.29
2018-02-05,31.03
2018-02-06,129.13
2018-02-07,49.18
2018-02-08,54.51
2018-02-09,57.46
2018-02-10,159.90
2018-02-11,158.05
2018-02-12,48.26
2018-02-13,14.08
2018-02-14,5.30
2018-02-15,5.29
2018-02-16,12.44
2018-02-17,10.49
2018-02-18,27.10
2018-02-19,21.58
2018-02-20,75.14
2018-02-21,16.06
2018-02-22,10.99
2018-02-23,19.08
2018-02-24,10.07
2018-02-25,9.25
2018-02-26,10.01
2018-02-27,36.37
2018-02-28,15.99
2018-03-01,20.79
2018-03-02,18.36
2018-03-03,30.29
2018-03-04,8.93
2018-03-05,9.74
2018-03-06,29.91
2018-03-07,5.59
2018-03-08,16.63
2018-03-09,6.45
2018-03-10,10.44
2018-03-11,130.77
2018-03-12,29.17
2018-03-13,6.86
2018-03-14,16.50
2018-03-15,11.00
2018-03-16,6.33
2018-03-17,10.54
2018-03-18,9.48
2018-03-19,8.91
2018-03-20,22.31
2018-03-21,5.64
2018-03-22,5.38
2018-03-23,19.44
2018-03-24,10.74
2018-03-25,9.48
2018-03-26,10.25
2018-03-27,14.75
2018-03-28,5.79
2018-03-29,5.50
2018-03-30,6.81
2018-03-31,55.49
2018-04-01,29.31
2018-04-02,20.97
2018-04-03,37.57
2018-04-04,52.08
2018-04-05,56.15
2018-04-06,57.54
2018-04-07,194.40
2018-04-08,125.79
2018-04-09,30.52
2018-04-10,14.75
2018-04-11,20.97
2018-04-12,21.24
2018-04-13,18.55
2018-04-14,51.99
2018-04-15,18.53
2018-04-16,20.16
2018-04-17,7.17
2018-04-18,71.71
2018-04-19,5.32
2018-04-20,18.72
2018-04-21,10.28
2018-04-22,9.68
2018-04-23,27.74
2018-04-24,21.26
2018-04-25,5.38
2018-04-26,10.26
2018-04-27,6.16
2018-04-28,9.49
2018-04-29,8.98
2018-04-30,8.75
2018-05-01,7.04
2018-05-02,43.79
2018-05-03,21.44
2018-05-04,17.84
2018-05-05,20.91
2018-05-06,37.80
2018-05-07,10.16
2018-05-08,7.29
2018-05-09,10.89
2018-05-10,10.50
2018-05-11,6.42
2018-05-12,10.79
2018-05-13,37.47
2018-05-14,20.24
2018-05-15,14.96
2018-05-16,38.33
2018-05-17,15.86
2018-05-18,6.41
2018-05-19,10.71
2018-05-20,9.36
2018-05-21,10.48
2018-05-22,21.35
2018-05-23,238.98
2018-05-24,16.05
2018-05-25,6.38
2018-05-26,10.95
2018-05-27,19.82
2018-05-28,16.23
2018-05-29,35.31
2018-05-30,23.28
2018-05-31,15.62
2018-06-01,50.05
2018-06-02,11.19
2018-06-03,19.83
2018-06-04,10.61
2018-06-05,7.33
2018-06-06,5.54
2018-06-07,16.33
2018-06-08,6.71
2018-06-09,11.46
2018-06-10,9.97
2018-06-11,10.68
2018-06-12,7.28
2018-06-13,5.90
2018-06-14,10.80
2018-06-15,18.66
2018-06-16,11.35
2018-06-17,19.75
2018-06-18,10.41
2018-06-19,82.58
2018-06-20,12.02
2018-06-21,5.70
2018-06-22,13.61
2018-06-23,23.78
2018-06-24,61.12
2018-06-25,22.24
2018-06-26,8.33
2018-06-27,24.45
2018-06-28,12.02
2018-06-29,42.54
2018-06-30,12.04
2018-07-01,10.52
2018-07-02,33.27
2018-07-03,8.50
2018-07-04,45.79
2018-07-05,33.91
2018-07-06,90.81
2018-07-07,127.44
2018-07-08,125.27
2018-07-09,50.44
2018-07-10,26.90
2018-07-11,6.69
2018-07-12,32.79
2018-07-13,7.55
2018-07-14,12.97
2018-07-15,11.33
2018-07-16,12.34
2018-07-17,27.13
2018-07-18,13.15
2018-07-19,12.63
2018-07-20,23.12
2018-07-21,25.85
2018-07-22,11.42
2018-07-23,12.14
2018-07-24,27.70
2018-07-25,6.61
2018-07-26,26.16
2018-07-27,7.68
2018-07-28,13.10
2018-07-29,11.42
2018-07-30,12.58
2018-07-31,9.22
2018-08-01,6.59
2018-08-02,12.90
2018-08-03,7.43
2018-08-04,25.75
2018-08-05,10.96
2018-08-06,11.86
2018-08-07,9.03
2018-08-08,13.01
2018-08-09,6.56
2018-08-10,7.77
2018-08-11,12.90
2018-08-12,103.70
2018-08-13,36.69
2018-08-14,81.49
2018-08-15,6.59
2018-08-16,6.24
2018-08-17,22.32
2018-08-18,36.24
2018-08-19,55.12
2018-08-20,11.86
2018-08-21,17.20
2018-08-22,12.64
2018-08-23,78.54
2018-08-24,28.12
2018-08-25,195.17
2018-08-26,42.02
2018-08-27,22.77
2018-08-28,50.18
2018-08-29,12.52
2018-08-30,30.45
2018-08-31,103.98
2018-09-01,33.02
2018-09-02,43.23
2018-09-03,50.37
2018-09-04,18.59
2018-09-05,30.89
2018-09-06,24.80
2018-09-07,20.57
2018-09-08,10.67
2018-09-09,10.15
2018-09-10,10.34
2018-09-11,8.10
2018-09-12,12.45
2018-09-13,6.00
2018-09-14,13.54
2018-09-15,21.71
2018-09-16,31.42
2018-09-17,11.02
2018-09-18,57.30
2018-09-19,31.36
2018-09-20,5.93
2018-09-21,35.07
2018-09-22,10.82
2018-09-23,10.52
2018-09-24,11.14
2018-09-25,17.19
2018-09-26,6.10
2018-09-27,54.23
2018-09-28,14.48
2018-09-29,65.72
2018-09-30,83.78
2018-10-01,43.76
2018-10-02,16.37
2018-10-03,177.91
2018-10-04,6.03
2018-10-05,27.99
2018-10-06,21.81
2018-10-07,10.82
2018-10-08,11.81
2018-10-09,8.24
2018-10-10,12.39
2018-10-11,17.95
2018-10-12,99.73
2018-10-13,97.60
2018-10-14,31.70
2018-10-15,11.26
2018-10-16,25.41
2018-10-17,18.60
2018-10-18,65.72
2018-10-19,56.79
2018-10-20,21.66
2018-10-21,41.63
2018-10-22,22.38
2018-10-23,17.08
2018-10-24,108.69
2018-10-25,156.69
2018-10-26,150.53
2018-10-27,21.89
2018-10-28,81.97
2018-10-29,33.72
2018-10-30,25.24
2018-10-31,54.95
2018-11-01,47.78
2018-11-02,35.14
2018-11-03,42.77
2018-11-04,144.13
2018-11-05,79.17
2018-11-06,55.86
2018-11-07,53.53
2018-11-08,141.71
2018-11-09,21.53
2018-11-10,10.99
2018-11-11,21.11
2018-11-12,12.35
2018-11-13,71.71
2018-11-14,32.18
2018-11-15,12.56
2018-11-16,7.27
2018-11-17,11.47
2018-11-18,32.31
2018-11-19,11.72
2018-11-20,42.68
2018-11-21,71.23
2018-11-22,57.25
2018-11-23,9.06
2018-11-24,12.88
2018-11-25,45.25
2018-11-26,71.71
2018-11-27,122.19
2018-11-28,25.85
2018-11-29,52.00
2018-11-30,59.69
2018-12-01,35.02
2018-12-02,289.51
2018-12-03,218.99
2018-12-04,60.86
2018-12-05,139.65
2018-12-06,75.46
2018-12-07,136.77
2018-12-08,155.75
2018-12-09,88.41
2018-12-10,31.10
2018-12-11,60.20
2018-12-12,44.39
2018-12-13,43.84
2018-12-14,37.87
2018-12-15,23.70
2018-12-16,148.15
2018-12-17,81.30
2018-12-18,78.69
2018-12-19,127.54
2018-12-20,104.20
2018-12-21,124.22
2018-12-22,239.05
2018-12-23,343.07
2018-12-24,217.14
2018-12-25,306.29
2018-12-26,308.66
2018-12-27,175.00
2018-12-28,282.74
2018-12-29,226.67
2018-12-30,274.06
2018-12-31,154.52
2019-01-01,200.86
2019-01-02,168.81
2019-01-03,265.43
2019-01-04,157.68
2019-01-05,111.00
2019-01-06,244.26
2019-01-07,153.69
2019-01-08,185.62
2019-01-09,109.68
2019-01-10,136.76
2019-01-11,124.88
2019-01-12,97.06
2019-01-13,136.09
2019-01-14,90.30
2019-01-15,85.64
2019-01-16,492.31
2019-01-17,139.37
2019-01-18,217.37
2019-01-19,228.92
2019-01-20,274.29
2019-01-21,154.86
2019-01-22,159.42
2019-01-23,180.21
2019-01-24,97.13
2019-01-25,119.40
2019-01-26,73.39
2019-01-27,180.95
2019-01-28,45.53
2019-01-29,86.39
2019-01-30,76.42
2019-01-31,142.96
2019-02-01,88.78
2019-02-02,83.78
2019-02-03,66.15
2019-02-04,118.31
2019-02-05,102.39
2019-02-06,153.76
2019-02-07,18.94
2019-02-08,7.47
2019-02-09,47.38
2019-02-10,32.66
2019-02-11,66.98
2019-02-12,25.83
2019-02-13,19.28
2019-02-14,6.30
2019-02-15,29.16
2019-02-16,35.55
2019-02-17,53.39
2019-02-18,12.55
2019-02-19,26.18
2019-02-20,31.77
2019-02-21,62.04
2019-02-22,29.54
2019-02-23,34.92
2019-02-24,53.18
2019-02-25,23.22
2019-02-26,42.85
2019-02-27,66.43
2019-02-28,62.04
2019-03-01,50.88
2019-03-02,23.08
2019-03-03,10.62
2019-03-04,23.30
2019-03-05,8.86
2019-03-06,6.45
2019-03-07,37.71
2019-03-08,66.65
2019-03-09,47.41
2019-03-10,110.55
2019-03-11,21.72
2019-03-12,26.23
2019-03-13,12.95
2019-03-14,30.81
2019-03-15,53.12
2019-03-16,61.29
2019-03-17,88.70
2019-03-18,47.71
2019-03-19,52.19
2019-03-20,49.81
2019-03-21,19.41
2019-03-22,30.41
2019-03-23,36.66
2019-03-24,43.20
2019-03-25,36.37
2019-03-26,24.66
2019-03-27,32.01
2019-03-28,109.02
2019-03-29,52.40
2019-03-30,60.81
2019-03-31,33.17
2019-04-01,88.02
2019-04-02,203.52
2019-04-03,43.03
2019-04-04,50.15
2019-04-05,47.02
2019-04-06,27.06
2019-04-07,71.75
2019-04-08,13.86
2019-04-09,10.53
2019-04-10,25.70
2019-04-11,8.43
2019-04-12,9.47
2019-04-13,53.91
2019-04-14,62.25
2019-04-15,71.49
2019-04-16,10.89
2019-04-17,8.74
2019-04-18,33.23
2019-04-19,39.05
2019-04-20,13.75
2019-04-21,38.63
2019-04-22,44.26
2019-04-23,21.36
2019-04-24,63.16
2019-04-25,40.07
2019-04-26,18.76
2019-04-27,67.13
2019-04-28,36.82
2019-04-29,28.45
2019-04-30,31.23
2019-05-01,82.22
2019-05-02,17.62
2019-05-03,47.29
2019-05-04,80.33
2019-05-05,49.20
2019-05-06,173.80
2019-05-07,135.40
2019-05-08,155.19
2019-05-09,79.69
2019-05-10,75.69
2019-05-11,13.66
2019-05-12,12.35
2019-05-13,146.16
2019-05-14,171.61
2019-05-15,164.98
2019-05-16,72.19
2019-05-17,77.38
2019-05-18,83.17
2019-05-19,50.33
2019-05-20,73.41
2019-05-21,32.29
2019-05-22,34.90
2019-05-23,8.88
2019-05-24,59.79
2019-05-25,14.21
2019-05-26,25.05
2019-05-27,22.32
2019-05-28,12.16
2019-05-29,18.25
2019-05-30,17.79
2019-05-31,39.63
2019-06-01,71.14
2019-06-02,52.44
2019-06-03,13.66
2019-06-04,45.03
2019-06-05,55.26
2019-06-06,83.26
2019-06-07,62.55
2019-06-08,102.39
2019-06-09,175.27
2019-06-10,47.28
2019-06-11,23.58
2019-06-12,323.09
2019-06-13,59.64
2019-06-14,108.81
2019-06-15,118.89
2019-06-16,173.70
2019-06-17,30.81
2019-06-18,113.01
2019-06-19,9.30
2019-06-20,18.56
2019-06-21,74.73
2019-06-22,130.56
2019-06-23,141.95
2019-06-24,60.88
2019-06-25,34.37
2019-06-26,118.63
2019-06-27,102.81
2019-06-28,72.11
2019-06-29,29.71
2019-06-30,12.52
2019-07-01,73.94
2019-07-02,34.40
2019-07-03,39.00
2019-07-04,14.12
2019-07-05,35.85
2019-07-06,15.31
2019-07-07,189.59
2019-07-08,31.53
2019-07-09,23.42
2019-07-10,17.11
2019-07-11,136.30
2019-07-12,10.57
2019-07-13,15.15
2019-07-14,27.89
2019-07-15,63.17
2019-07-16,70.11
2019-07-17,9.63
2019-07-18,50.56
2019-07-19,43.29
2019-07-20,15.16
2019-07-21,28.04
2019-07-22,32.95
2019-07-23,35.99
2019-07-24,18.20
2019-07-25,48.54
2019-07-26,31.53
2019-07-27,122.19
2019-07-28,13.50
2019-07-29,32.62
2019-07-30,158.40
2019-07-31,55.95
2019-08-01,59.15
2019-08-02,132.10
2019-08-03,104.57
2019-08-04,174.94
2019-08-05,108.98
2019-08-06,150.97
2019-08-07,154.94
2019-08-08,98.17
2019-08-09,99.18
2019-08-10,60.61
2019-08-11,122.02
2019-08-12,166.56
2019-08-13,115.01
2019-08-14,195.01
2019-08-15,330.15
2019-08-16,359.75
2019-08-17,208.87
2019-08-18,335.25
2019-08-19,91.26
2019-08-20,52.80
2019-08-21,36.08
2019-08-22,112.72
2019-08-23,81.83
2019-08-24,304.16
2019-08-25,194.60
2019-08-26,45.88
2019-08-27,133.31
2019-08-28,110.05
2019-08-29,131.59
2019-08-30,254.72
2019-08-31,231.76
2019-09-01,203.62
2019-09-02,21.56
2019-09-03,125.51
2019-09-04,102.21
2019-09-05,27.98
2019-09-06,68.53
2019-09-07,39.57
2019-09-08,52.01
2019-09-09,14.40
2019-09-10,22.62
2019-09-11,81.34
2019-09-12,65.85
2019-09-13,80.21
2019-09-14,38.65
2019-09-15,143.74
2019-09-16,88.26
2019-09-17,10.39
2019-09-18,36.33
2019-09-19,121.30
2019-09-20,69.51
2019-09-21,39.18
2019-09-22,91.19
2019-09-23,14.13
2019-09-24,67.27
2019-09-25,99.58
2019-09-26,64.93
2019-09-27,37.98
2019-09-28,51.37
2019-09-29,89.19
2019-09-30,28.25
2019-10-01,74.75
2019-10-02,36.10
2019-10-03,96.11
2019-10-04,198.30
2019-10-05,118.40
2019-10-06,168.72
2019-10-07,144.46
2019-10-08,97.67
2019-10-09,51.88
2019-10-10,138.91
2019-10-11,19.20
2019-10-12,102.77
2019-10-13,105.84
2019-10-14,47.49
2019-10-15,22.33
2019-10-16,35.41
2019-10-17,54.89
2019-10-18,9.89
2019-10-19,26.39
2019-10-20,40.19
2019-10-21,13.78
2019-10-22,22.18
2019-10-23,61.28
2019-10-24,121.66
2019-10-25,59.40
2019-10-26,25.87
2019-10-27,38.54
2019-10-28,15.20
2019-10-29,45.44
2019-10-30,61.88
2019-10-31,119.71
2019-11-01,30.75
2019-11-02,65.63
2019-11-03,104.25
2019-11-04,70.94
2019-11-05,53.08
2019-11-06,36.58
2019-11-07,93.74
2019-11-08,91.24
2019-11-09,65.74
2019-11-10,130.15
2019-11-11,42.16
2019-11-12,94.06
2019-11-13,36.20
2019-11-14,9.41
2019-11-15,19.87
2019-11-16,93.13
2019-11-17,132.22
2019-11-18,78.16
2019-11-19,10.87
2019-11-20,28.03
2019-11-21,19.01
2019-11-22,10.01
2019-11-23,124.73
2019-11-24,52.56
2019-11-25,15.44
2019-11-26,10.93
2019-11-27,29.28
2019-11-28,59.96
2019-11-29,12.83
2019-11-30,15.45
2019-12-01,27.52
2019-12-02,32.27
2019-12-03,22.73
2019-12-04,53.21
2019-12-05,9.68
2019-12-06,50.57
2019-12-07,139.17
2019-12-08,161.06
2019-12-09,108.72
2019-12-10,34.64
2019-12-11,28.41
2019-12-12,65.49
2019-12-13,140.27
2019-12-14,102.73
2019-12-15,207.09
2019-12-16,32.18
2019-12-17,156.80
2019-12-18,47.19
2019-12-19,19.49
2019-12-20,43.70
2019-12-21,87.32
2019-12-22,128.36
2019-12-23,16.18
2019-12-24,14.16
2019-12-25,57.05
2019-12-26,51.04
2019-12-27,111.94
2019-12-28,193.91
2019-12-29,234.03
2019-12-30,99.74
2019-12-31,92.54
2020-01-01,195.39
