observation_date,INFECTDISEMVTRACKD
2012-01-01,1.25
2012-01-02,0.00
2012-01-03,0.00
2012-01-04,0.00
2012-01-05,0.00
2012-01-06,0.00
2012-01-07,0.62
2012-01-08,0.54
2012-01-09,0.00
2012-01-10,0.00
2012-01-11,0.00
2012-01-12,0.00
2012-01-13,1.19
2012-01-14,0.00
2012-01-15,0.00
2012-01-16,1.36
2012-01-17,0.00
2012-01-18,0.00
2012-01-19,0.00
2012-01-20,0.00
2012-01-21,0.60
2012-01-22,1.06
2012-01-23,0.00
2012-01-24,0.00
2012-01-25,1.91
2012-01-26,0.00
2012-01-27,0.00
2012-01-28,0.00
2012-01-29,0.51
2012-01-30,0.00
2012-01-31,0.00
2012-02-01,0.00
2012-02-02,0.00
2012-02-03,0.00
2012-02-04,0.60
2012-02-05,0.00
2012-02-06,1.39
2012-02-07,0.00
2012-02-08,0.38
2012-02-09,0.29
2012-02-10,0.40
2012-02-11,4.31
2012-02-12,5.77
2012-02-13,1.35
2012-02-14,0.99
2012-02-15,0.00
2012-02-16,0.00
2012-02-17,0.00
2012-02-18,0.00
2012-02-19,0.00
2012-02-20,0.00
2012-02-21,0.00
2012-02-22,0.37
2012-02-23,0.00
2012-02-24,0.00
2012-02-25,0.60
2012-02-26,1.02
2012-02-27,0.67
2012-02-28,0.00
2012-02-29,0.38
2012-03-01,0.00
2012-03-02,0.39
2012-03-03,0.00
2012-03-04,0.00
2012-03-05,0.00
2012-03-06,0.00
2012-03-07,0.39
2012-03-08,0.00
2012-03-09,0.41
2012-03-10,0.62
2012-03-11,0.00
2012-03-12,0.00
2012-03-13,1.01
2012-03-14,0.78
2012-03-15,0.00
2012-03-16,0.41
2012-03-17,0.00
2012-03-18,0.00
2012-03-19,0.00
2012-03-20,0.00
2012-03-21,0.39
2012-03-22,0.00
2012-03-23,0.00
2012-03-24,0.00
2012-03-25,1.05
2012-03-26,0.00
2012-03-27,0.00
2012-03-28,0.00
2012-03-29,0.32
2012-03-30,0.00
2012-03-31,1.27
2012-04-01,0.00
2012-04-02,0.00
2012-04-03,0.00
2012-04-04,0.78
2012-04-05,0.00
2012-04-06,0.00
2012-04-07,0.00
2012-04-08,0.00
2012-04-09,0.70
2012-04-10,0.00
2012-04-11,0.38
2012-04-12,0.63
2012-04-13,0.00
2012-04-14,1.88
2012-04-15,0.52
2012-04-16,0.00
2012-04-17,0.47
2012-04-18,1.10
2012-04-19,0.00
2012-04-20,0.78
2012-04-21,0.00
2012-04-22,1.04
2012-04-23,0.00
2012-04-24,0.00
2012-04-25,0.37
2012-04-26,0.30
2012-04-27,0.79
2012-04-28,0.61
2012-04-29,0.00
2012-04-30,0.66
2012-05-01,0.00
2012-05-02,0.38
2012-05-03,0.00
2012-05-04,0.00
2012-05-05,0.61
2012-05-06,0.00
2012-05-07,0.65
2012-05-08,0.00
2012-05-09,0.38
2012-05-10,0.30
2012-05-11,0.00
2012-05-12,0.00
2012-05-13,1.04
2012-05-14,0.00
2012-05-15,0.48
2012-05-16,0.00
2012-05-17,0.30
2012-05-18,0.00
2012-05-19,0.61
2012-05-20,0.53
2012-05-21,0.67
2012-05-22,0.50
2012-05-23,0.00
2012-05-24,0.00
2012-05-25,0.41
2012-05-26,0.63
2012-05-27,0.00
2012-05-28,0.00
2012-05-29,0.59
2012-05-30,0.00
2012-05-31,0.00
2012-06-01,0.40
2012-06-02,0.00
2012-06-03,0.00
2012-06-04,0.00
2012-06-05,0.00
2012-06-06,0.40
2012-06-07,0.32
2012-06-08,0.42
2012-06-09,0.00
2012-06-10,0.53
2012-06-11,0.00
2012-06-12,0.00
2012-06-13,1.22
2012-06-14,0.33
2012-06-15,0.00
2012-06-16,0.66
2012-06-17,1.65
2012-06-18,0.00
2012-06-19,0.00
2012-06-20,0.40
2012-06-21,0.32
2012-06-22,1.68
2012-06-23,0.00
2012-06-24,0.00
2012-06-25,0.00
2012-06-26,0.52
2012-06-27,1.24
2012-06-28,0.33
2012-06-29,0.00
2012-06-30,0.00
2012-07-01,0.00
2012-07-02,0.00
2012-07-03,0.00
2012-07-04,0.00
2012-07-05,0.38
2012-07-06,0.00
2012-07-07,0.00
2012-07-08,0.58
2012-07-09,0.00
2012-07-10,0.00
2012-07-11,0.41
2012-07-12,0.00
2012-07-13,0.42
2012-07-14,0.67
2012-07-15,0.00
2012-07-16,0.00
2012-07-17,0.00
2012-07-18,0.00
2012-07-19,0.00
2012-07-20,0.44
2012-07-21,0.00
2012-07-22,0.00
2012-07-23,0.00
2012-07-24,0.00
2012-07-25,0.41
2012-07-26,2.87
2012-07-27,0.00
2012-07-28,1.98
2012-07-29,1.12
2012-07-30,0.00
2012-07-31,0.53
2012-08-01,0.40
2012-08-02,0.00
2012-08-03,0.43
2012-08-04,0.67
2012-08-05,0.00
2012-08-06,0.00
2012-08-07,0.53
2012-08-08,0.40
2012-08-09,0.99
2012-08-10,0.00
2012-08-11,0.00
2012-08-12,0.00
2012-08-13,0.00
2012-08-14,0.00
2012-08-15,0.00
2012-08-16,0.34
2012-08-17,0.43
2012-08-18,0.00
2012-08-19,0.00
2012-08-20,0.00
2012-08-21,0.00
2012-08-22,0.00
2012-08-23,0.00
2012-08-24,2.54
2012-08-25,7.23
2012-08-26,0.55
2012-08-27,0.00
2012-08-28,0.52
2012-08-29,0.00
2012-08-30,0.00
2012-08-31,0.00
2012-09-01,0.00
2012-09-02,0.00
2012-09-03,0.00
2012-09-04,0.00
2012-09-05,0.00
2012-09-06,0.00
2012-09-07,0.00
2012-09-08,0.00
2012-09-09,0.00
2012-09-10,0.00
2012-09-11,0.00
2012-09-12,0.40
2012-09-13,0.00
2012-09-14,0.00
2012-09-15,0.00
2012-09-16,0.54
2012-09-17,0.00
2012-09-18,0.52
2012-09-19,0.00
2012-09-20,0.00
2012-09-21,0.00
2012-09-22,1.21
2012-09-23,1.08
2012-09-24,0.00
2012-09-25,0.51
2012-09-26,0.00
2012-09-27,0.65
2012-09-28,0.00
2012-09-29,0.00
2012-09-30,0.00
2012-10-01,0.00
2012-10-02,0.00
2012-10-03,1.19
2012-10-04,0.00
2012-10-05,0.82
2012-10-06,1.76
2012-10-07,1.06
2012-10-08,0.72
2012-10-09,0.51
2012-10-10,0.79
2012-10-11,0.00
2012-10-12,0.00
2012-10-13,0.00
2012-10-14,0.00
2012-10-15,0.00
2012-10-16,0.51
2012-10-17,0.39
2012-10-18,0.00
2012-10-19,0.38
2012-10-20,1.19
2012-10-21,0.00
2012-10-22,0.00
2012-10-23,0.00
2012-10-24,0.00
2012-10-25,1.28
2012-10-26,0.41
2012-10-27,0.00
2012-10-28,0.00
2012-10-29,0.00
2012-10-30,0.00
2012-10-31,0.00
2012-11-01,0.00
2012-11-02,0.41
2012-11-03,0.00
2012-11-04,0.53
2012-11-05,0.00
2012-11-06,0.00
2012-11-07,0.00
2012-11-08,0.00
2012-11-09,0.00
2012-11-10,0.00
2012-11-11,1.61
2012-11-12,0.00
2012-11-13,0.00
2012-11-14,0.40
2012-11-15,0.33
2012-11-16,0.00
2012-11-17,0.00
2012-11-18,0.00
2012-11-19,0.00
2012-11-20,0.00
2012-11-21,0.40
2012-11-22,0.00
2012-11-23,0.00
2012-11-24,0.00
2012-11-25,0.00
2012-11-26,0.00
2012-11-27,0.00
2012-11-28,0.41
2012-11-29,0.34
2012-11-30,0.00
2012-12-01,0.00
2012-12-02,0.00
2012-12-03,0.00
2012-12-04,1.07
2012-12-05,0.00
2012-12-06,0.00
2012-12-07,0.00
2012-12-08,0.00
2012-12-09,1.10
2012-12-10,0.00
2012-12-11,0.00
2012-12-12,0.00
2012-12-13,0.00
2012-12-14,0.44
2012-12-15,0.00
2012-12-16,0.00
2012-12-17,0.00
2012-12-18,0.55
2012-12-19,0.00
2012-12-20,0.00
2012-12-21,0.00
2012-12-22,0.00
2012-12-23,0.62
2012-12-24,1.69
2012-12-25,1.11
2012-12-26,0.00
2012-12-27,0.42
2012-12-28,0.00
2012-12-29,0.73
2012-12-30,1.25
2012-12-31,0.00
2013-01-01,0.94
2013-01-02,0.52
2013-01-03,0.00
2013-01-04,0.00
2013-01-05,0.00
2013-01-06,1.74
2013-01-07,0.00
2013-01-08,0.00
2013-01-09,0.00
2013-01-10,0.34
2013-01-11,0.87
2013-01-12,0.66
2013-01-13,1.11
2013-01-14,0.00
2013-01-15,0.00
2013-01-16,0.00
2013-01-17,0.00
2013-01-18,0.00
2013-01-19,0.00
2013-01-20,0.00
2013-01-21,0.74
2013-01-22,0.55
2013-01-23,0.81
2013-01-24,0.00
2013-01-25,0.00
2013-01-26,1.30
2013-01-27,0.55
2013-01-28,0.00
2013-01-29,0.51
2013-01-30,0.39
2013-01-31,0.33
2013-02-01,0.00
2013-02-02,0.00
2013-02-03,1.10
2013-02-04,0.00
2013-02-05,0.52
2013-02-06,1.58
2013-02-07,0.33
2013-02-08,0.00
2013-02-09,0.64
2013-02-10,0.00
2013-02-11,0.00
2013-02-12,0.51
2013-02-13,0.80
2013-02-14,0.67
2013-02-15,0.00
2013-02-16,0.00
2013-02-17,1.61
2013-02-18,0.00
2013-02-19,0.00
2013-02-20,0.80
2013-02-21,0.32
2013-02-22,0.00
2013-02-23,0.00
2013-02-24,0.00
2013-02-25,0.00
2013-02-26,0.00
2013-02-27,0.79
2013-02-28,0.58
2013-03-01,0.00
2013-03-02,0.00
2013-03-03,0.00
2013-03-04,0.00
2013-03-05,0.50
2013-03-06,1.21
2013-03-07,0.32
2013-03-08,0.42
2013-03-09,0.64
2013-03-10,0.00
2013-03-11,1.39
2013-03-12,0.00
2013-03-13,1.20
2013-03-14,0.64
2013-03-15,2.11
2013-03-16,0.00
2013-03-17,0.00
2013-03-18,0.00
2013-03-19,0.00
2013-03-20,0.81
2013-03-21,0.99
2013-03-22,0.43
2013-03-23,1.35
2013-03-24,1.71
2013-03-25,0.00
2013-03-26,0.53
2013-03-27,0.83
2013-03-28,1.36
2013-03-29,0.45
2013-03-30,0.00
2013-03-31,0.00
2013-04-01,0.00
2013-04-02,1.59
2013-04-03,0.00
2013-04-04,0.00
2013-04-05,0.44
2013-04-06,0.00
2013-04-07,0.00
2013-04-08,0.00
2013-04-09,1.06
2013-04-10,0.41
2013-04-11,0.98
2013-04-12,0.44
2013-04-13,0.68
2013-04-14,0.57
2013-04-15,0.00
2013-04-16,0.00
2013-04-17,0.42
2013-04-18,0.66
2013-04-19,1.77
2013-04-20,0.00
2013-04-21,0.00
2013-04-22,0.00
2013-04-23,0.00
2013-04-24,0.00
2013-04-25,0.00
2013-04-26,0.43
2013-04-27,0.00
2013-04-28,0.00
2013-04-29,0.00
2013-04-30,0.00
2013-05-01,0.41
2013-05-02,0.00
2013-05-03,0.00
2013-05-04,0.00
2013-05-05,0.00
2013-05-06,0.00
2013-05-07,0.51
2013-05-08,0.40
2013-05-09,0.36
2013-05-10,0.00
2013-05-11,0.67
2013-05-12,2.86
2013-05-13,0.00
2013-05-14,0.00
2013-05-15,0.00
2013-05-16,0.00
2013-05-17,0.00
2013-05-18,0.00
2013-05-19,0.00
2013-05-20,2.20
2013-05-21,0.00
2013-05-22,0.41
2013-05-23,0.00
2013-05-24,0.45
2013-05-25,0.00
2013-05-26,0.00
2013-05-27,0.00
2013-05-28,0.00
2013-05-29,0.00
2013-05-30,0.00
2013-05-31,0.00
2013-06-01,0.70
2013-06-02,0.00
2013-06-03,0.73
2013-06-04,0.00
2013-06-05,0.42
2013-06-06,0.00
2013-06-07,0.44
2013-06-08,0.00
2013-06-09,0.00
2013-06-10,0.00
2013-06-11,0.00
2013-06-12,0.00
2013-06-13,0.00
2013-06-14,0.00
2013-06-15,1.46
2013-06-16,0.61
2013-06-17,0.00
2013-06-18,0.00
2013-06-19,0.00
2013-06-20,0.00
2013-06-21,0.46
2013-06-22,0.00
2013-06-23,0.00
2013-06-24,0.00
2013-06-25,0.00
2013-06-26,0.00
2013-06-27,0.00
2013-06-28,0.00
2013-06-29,1.50
2013-06-30,0.00
2013-07-01,0.00
2013-07-02,0.00
2013-07-03,0.00
2013-07-04,0.00
2013-07-05,0.00
2013-07-06,0.00
2013-07-07,0.00
2013-07-08,0.00
2013-07-09,0.00
2013-07-10,0.45
2013-07-11,0.00
2013-07-12,0.48
2013-07-13,0.00
2013-07-14,0.00
2013-07-15,0.00
2013-07-16,0.58
2013-07-17,0.00
2013-07-18,0.00
2013-07-19,0.00
2013-07-20,0.00
2013-07-21,1.25
2013-07-22,0.00
2013-07-23,0.58
2013-07-24,0.00
2013-07-25,0.38
2013-07-26,0.00
2013-07-27,0.00
2013-07-28,0.00
2013-07-29,0.79
2013-07-30,0.00
2013-07-31,0.00
2013-08-01,0.00
2013-08-02,0.00
2013-08-03,0.00
2013-08-04,0.00
2013-08-05,0.00
2013-08-06,0.00
2013-08-07,0.00
2013-08-08,0.00
2013-08-09,0.00
2013-08-10,0.00
2013-08-11,0.62
2013-08-12,1.55
2013-08-13,4.05
2013-08-14,0.00
2013-08-15,0.00
2013-08-16,0.00
2013-08-17,0.00
2013-08-18,0.00
2013-08-19,0.00
2013-08-20,0.00
2013-08-21,0.00
2013-08-22,1.11
2013-08-23,0.00
2013-08-24,0.71
2013-08-25,0.58
2013-08-26,0.00
2013-08-27,0.00
2013-08-28,0.43
2013-08-29,0.73
2013-08-30,0.00
2013-08-31,0.00
2013-09-01,0.00
2013-09-02,0.00
2013-09-03,0.00
2013-09-04,0.43
2013-09-05,0.00
2013-09-06,0.00
2013-09-07,0.63
2013-09-08,0.00
2013-09-09,0.71
2013-09-10,0.00
2013-09-11,0.00
2013-09-12,0.00
2013-09-13,0.00
2013-09-14,0.00
2013-09-15,2.33
2013-09-16,0.00
2013-09-17,0.00
2013-09-18,0.43
2013-09-19,0.00
2013-09-20,0.00
2013-09-21,0.00
2013-09-22,0.00
2013-09-23,0.00
2013-09-24,0.00
2013-09-25,0.00
2013-09-26,0.36
2013-09-27,0.00
2013-09-28,0.64
2013-09-29,0.00
2013-09-30,1.42
2013-10-01,4.29
2013-10-02,0.43
2013-10-03,0.36
2013-10-04,0.43
2013-10-05,0.63
2013-10-06,0.58
2013-10-07,0.00
2013-10-08,0.55
2013-10-09,0.83
2013-10-10,0.35
2013-10-11,0.43
2013-10-12,0.00
2013-10-13,0.58
2013-10-14,1.48
2013-10-15,0.00
2013-10-16,0.00
2013-10-17,0.35
2013-10-18,0.00
2013-10-19,1.30
2013-10-20,0.56
2013-10-21,0.00
2013-10-22,0.00
2013-10-23,0.00
2013-10-24,0.00
2013-10-25,0.44
2013-10-26,0.00
2013-10-27,0.56
2013-10-28,0.71
2013-10-29,0.55
2013-10-30,0.00
2013-10-31,0.00
2013-11-01,0.00
2013-11-02,0.63
2013-11-03,0.00
2013-11-04,0.00
2013-11-05,0.00
2013-11-06,0.00
2013-11-07,0.36
2013-11-08,0.00
2013-11-09,0.00
2013-11-10,0.57
2013-11-11,0.00
2013-11-12,0.00
2013-11-13,0.86
2013-11-14,0.72
2013-11-15,0.00
2013-11-16,0.66
2013-11-17,0.58
2013-11-18,0.00
2013-11-19,0.00
2013-11-20,0.43
2013-11-21,0.73
2013-11-22,0.00
2013-11-23,0.69
2013-11-24,0.00
2013-11-25,0.73
2013-11-26,0.00
2013-11-27,0.00
2013-11-28,0.00
2013-11-29,0.00
2013-11-30,0.00
2013-12-01,0.61
2013-12-02,0.00
2013-12-03,0.00
2013-12-04,0.00
2013-12-05,0.00
2013-12-06,0.46
2013-12-07,0.71
2013-12-08,1.77
2013-12-09,0.00
2013-12-10,0.00
2013-12-11,0.00
2013-12-12,0.00
2013-12-13,0.46
2013-12-14,0.71
2013-12-15,0.60
2013-12-16,1.55
2013-12-17,0.56
2013-12-18,0.00
2013-12-19,0.00
2013-12-20,0.00
2013-12-21,0.00
2013-12-22,0.00
2013-12-23,0.00
2013-12-24,0.00
2013-12-25,0.00
2013-12-26,1.02
2013-12-27,0.55
2013-12-28,1.55
2013-12-29,2.58
2013-12-30,0.78
2013-12-31,1.25
2014-01-01,0.74
2014-01-02,0.00
2014-01-03,0.00
2014-01-04,0.75
2014-01-05,1.24
2014-01-06,0.00
2014-01-07,0.58
2014-01-08,0.44
2014-01-09,0.37
2014-01-10,0.00
2014-01-11,0.65
2014-01-12,0.59
2014-01-13,0.00
2014-01-14,0.00
2014-01-15,0.00
2014-01-16,0.00
2014-01-17,1.34
2014-01-18,0.63
2014-01-19,0.56
2014-01-20,0.00
2014-01-21,0.00
2014-01-22,0.00
2014-01-23,0.36
2014-01-24,0.89
2014-01-25,1.28
2014-01-26,0.00
2014-01-27,0.00
2014-01-28,0.00
2014-01-29,0.42
2014-01-30,0.35
2014-01-31,2.12
2014-02-01,2.49
2014-02-02,0.55
2014-02-03,1.33
2014-02-04,0.00
2014-02-05,0.00
2014-02-06,1.02
2014-02-07,1.28
2014-02-08,0.64
2014-02-09,0.57
2014-02-10,0.00
2014-02-11,0.00
2014-02-12,0.00
2014-02-13,0.00
2014-02-14,0.40
2014-02-15,1.23
2014-02-16,0.54
2014-02-17,0.00
2014-02-18,0.55
2014-02-19,0.00
2014-02-20,0.00
2014-02-21,0.44
2014-02-22,0.00
2014-02-23,0.00
2014-02-24,0.00
2014-02-25,0.00
2014-02-26,0.42
2014-02-27,0.00
2014-02-28,0.00
2014-03-01,0.00
2014-03-02,0.00
2014-03-03,0.00
2014-03-04,1.07
2014-03-05,0.85
2014-03-06,0.70
2014-03-07,0.87
2014-03-08,0.00
2014-03-09,0.55
2014-03-10,0.00
2014-03-11,2.05
2014-03-12,0.83
2014-03-13,0.00
2014-03-14,0.44
2014-03-15,0.00
2014-03-16,0.00
2014-03-17,0.00
2014-03-18,0.00
2014-03-19,0.42
2014-03-20,0.00
2014-03-21,0.00
2014-03-22,1.22
2014-03-23,1.10
2014-03-24,0.71
2014-03-25,1.06
2014-03-26,0.00
2014-03-27,0.36
2014-03-28,0.00
2014-03-29,0.00
2014-03-30,2.76
2014-03-31,0.69
2014-04-01,1.05
2014-04-02,0.83
2014-04-03,0.00
2014-04-04,0.00
2014-04-05,0.00
2014-04-06,0.54
2014-04-07,0.00
2014-04-08,0.00
2014-04-09,0.41
2014-04-10,0.69
2014-04-11,0.43
2014-04-12,0.00
2014-04-13,0.00
2014-04-14,0.00
2014-04-15,0.00
2014-04-16,0.42
2014-04-17,0.35
2014-04-18,0.00
2014-04-19,0.00
2014-04-20,0.00
2014-04-21,0.73
2014-04-22,0.00
2014-04-23,0.00
2014-04-24,0.00
2014-04-25,0.00
2014-04-26,0.00
2014-04-27,0.55
2014-04-28,0.70
2014-04-29,0.52
2014-04-30,0.42
2014-05-01,0.00
2014-05-02,0.00
2014-05-03,0.00
2014-05-04,0.00
2014-05-05,0.70
2014-05-06,0.00
2014-05-07,0.41
2014-05-08,0.00
2014-05-09,0.85
2014-05-10,0.00
2014-05-11,0.52
2014-05-12,0.00
2014-05-13,1.56
2014-05-14,0.42
2014-05-15,0.36
2014-05-16,0.00
2014-05-17,1.41
2014-05-18,0.54
2014-05-19,0.00
2014-05-20,0.00
2014-05-21,0.82
2014-05-22,0.00
2014-05-23,1.76
2014-05-24,0.66
2014-05-25,0.56
2014-05-26,0.00
2014-05-27,0.00
2014-05-28,0.00
2014-05-29,0.00
2014-05-30,0.00
2014-05-31,0.00
2014-06-01,0.00
2014-06-02,0.00
2014-06-03,0.00
2014-06-04,0.42
2014-06-05,0.36
2014-06-06,0.00
2014-06-07,0.00
2014-06-08,0.00
2014-06-09,0.00
2014-06-10,0.00
2014-06-11,0.00
2014-06-12,0.00
2014-06-13,0.00
2014-06-14,0.00
2014-06-15,0.58
2014-06-16,0.72
2014-06-17,0.00
2014-06-18,0.00
2014-06-19,0.00
2014-06-20,0.00
2014-06-21,0.00
2014-06-22,0.00
2014-06-23,0.00
2014-06-24,0.00
2014-06-25,0.00
2014-06-26,0.76
2014-06-27,0.00
2014-06-28,0.00
2014-06-29,0.00
2014-06-30,0.00
2014-07-01,0.00
2014-07-02,0.00
2014-07-03,0.00
2014-07-04,0.00
2014-07-05,0.00
2014-07-06,0.00
2014-07-07,0.00
2014-07-08,0.00
2014-07-09,2.26
2014-07-10,0.00
2014-07-11,0.00
2014-07-12,0.00
2014-07-13,1.89
2014-07-14,0.74
2014-07-15,0.00
2014-07-16,0.00
2014-07-17,0.00
2014-07-18,0.00
2014-07-19,5.27
2014-07-20,1.24
2014-07-21,0.00
2014-07-22,0.00
2014-07-23,0.00
2014-07-24,0.00
2014-07-25,0.48
2014-07-26,0.00
2014-07-27,0.61
2014-07-28,0.00
2014-07-29,0.57
2014-07-30,0.00
2014-07-31,0.39
2014-08-01,0.00
2014-08-02,0.00
2014-08-03,0.00
2014-08-04,0.00
2014-08-05,0.56
2014-08-06,0.00
2014-08-07,0.00
2014-08-08,0.00
2014-08-09,0.00
2014-08-10,0.00
2014-08-11,1.54
2014-08-12,0.00
2014-08-13,1.39
2014-08-14,0.00
2014-08-15,0.00
2014-08-16,1.47
2014-08-17,1.22
2014-08-18,0.00
2014-08-19,0.00
2014-08-20,0.46
2014-08-21,0.75
2014-08-22,0.92
2014-08-23,0.00
2014-08-24,1.72
2014-08-25,0.00
2014-08-26,0.56
2014-08-27,0.00
2014-08-28,0.76
2014-08-29,0.46
2014-08-30,0.00
2014-08-31,0.61
2014-09-01,1.05
2014-09-02,0.00
2014-09-03,0.00
2014-09-04,0.00
2014-09-05,0.00
2014-09-06,0.66
2014-09-07,1.17
2014-09-08,0.00
2014-09-09,0.00
2014-09-10,0.00
2014-09-11,0.00
2014-09-12,0.00
2014-09-13,0.00
2014-09-14,0.57
2014-09-15,0.73
2014-09-16,1.06
2014-09-17,0.00
2014-09-18,0.00
2014-09-19,0.89
2014-09-20,1.93
2014-09-21,0.57
2014-09-22,0.71
2014-09-23,0.00
2014-09-24,0.00
2014-09-25,0.74
2014-09-26,0.45
2014-09-27,1.90
2014-09-28,1.75
2014-09-29,0.00
2014-09-30,0.53
2014-10-01,1.29
2014-10-02,3.87
2014-10-03,0.44
2014-10-04,0.00
2014-10-05,1.69
2014-10-06,0.00
2014-10-07,0.00
2014-10-08,1.27
2014-10-09,0.75
2014-10-10,1.78
2014-10-11,1.28
2014-10-12,2.86
2014-10-13,2.88
2014-10-14,7.99
2014-10-15,5.49
2014-10-16,9.86
2014-10-17,8.49
2014-10-18,10.22
2014-10-19,15.91
2014-10-20,6.31
2014-10-21,2.09
2014-10-22,9.84
2014-10-23,2.32
2014-10-24,3.12
2014-10-25,7.59
2014-10-26,6.87
2014-10-27,3.95
2014-10-28,3.17
2014-10-29,6.75
2014-10-30,0.00
2014-10-31,0.88
2014-11-01,11.45
2014-11-02,2.24
2014-11-03,2.83
2014-11-04,0.53
2014-11-05,1.23
2014-11-06,0.36
2014-11-07,0.46
2014-11-08,2.03
2014-11-09,1.16
2014-11-10,6.34
2014-11-11,1.69
2014-11-12,0.45
2014-11-13,0.73
2014-11-14,0.00
2014-11-15,0.00
2014-11-16,0.59
2014-11-17,0.00
2014-11-18,0.55
2014-11-19,0.44
2014-11-20,1.13
2014-11-21,0.00
2014-11-22,0.00
2014-11-23,0.59
2014-11-24,0.00
2014-11-25,1.10
2014-11-26,0.00
2014-11-27,2.11
2014-11-28,0.00
2014-11-29,0.00
2014-11-30,1.28
2014-12-01,0.00
2014-12-02,0.00
2014-12-03,0.00
2014-12-04,0.38
2014-12-05,0.00
2014-12-06,1.39
2014-12-07,0.00
2014-12-08,0.00
2014-12-09,0.53
2014-12-10,0.00
2014-12-11,0.00
2014-12-12,0.47
2014-12-13,0.00
2014-12-14,0.61
2014-12-15,0.71
2014-12-16,0.54
2014-12-17,1.35
2014-12-18,0.39
2014-12-19,0.94
2014-12-20,0.00
2014-12-21,0.00
2014-12-22,0.74
2014-12-23,5.80
2014-12-24,0.51
2014-12-25,0.68
2014-12-26,2.55
2014-12-27,0.00
2014-12-28,1.30
2014-12-29,0.00
2014-12-30,1.19
2014-12-31,12.55
2015-01-01,8.96
2015-01-02,0.60
2015-01-03,0.00
2015-01-04,3.14
2015-01-05,0.00
2015-01-06,1.10
2015-01-07,0.00
2015-01-08,0.38
2015-01-09,0.91
2015-01-10,0.00
2015-01-11,1.17
2015-01-12,2.79
2015-01-13,0.00
2015-01-14,1.27
2015-01-15,0.38
2015-01-16,0.00
2015-01-17,1.35
2015-01-18,0.00
2015-01-19,0.00
2015-01-20,8.68
2015-01-21,0.42
2015-01-22,0.36
2015-01-23,0.00
2015-01-24,0.68
2015-01-25,1.17
2015-01-26,0.00
2015-01-27,0.00
2015-01-28,0.00
2015-01-29,0.76
2015-01-30,0.00
2015-01-31,0.67
2015-02-01,1.71
2015-02-02,0.72
2015-02-03,0.53
2015-02-04,0.86
2015-02-05,1.13
2015-02-06,0.91
2015-02-07,2.01
2015-02-08,0.58
2015-02-09,0.00
2015-02-10,1.61
2015-02-11,0.43
2015-02-12,0.75
2015-02-13,0.93
2015-02-14,2.68
2015-02-15,0.00
2015-02-16,0.00
2015-02-17,0.56
2015-02-18,0.44
2015-02-19,0.77
2015-02-20,0.46
2015-02-21,0.65
2015-02-22,1.69
2015-02-23,0.00
2015-02-24,4.29
2015-02-25,3.41
2015-02-26,1.15
2015-02-27,0.46
2015-02-28,0.67
2015-03-01,0.58
2015-03-02,2.82
2015-03-03,3.69
2015-03-04,2.60
2015-03-05,0.00
2015-03-06,1.36
2015-03-07,0.00
2015-03-08,0.00
2015-03-09,0.00
2015-03-10,0.00
2015-03-11,0.43
2015-03-12,0.37
2015-03-13,0.89
2015-03-14,0.00
2015-03-15,0.56
2015-03-16,0.00
2015-03-17,0.00
2015-03-18,0.00
2015-03-19,0.00
2015-03-20,0.46
2015-03-21,0.00
2015-03-22,0.00
2015-03-23,0.69
2015-03-24,0.53
2015-03-25,0.00
2015-03-26,0.00
2015-03-27,0.00
2015-03-28,0.00
2015-03-29,0.00
2015-03-30,1.43
2015-03-31,1.63
2015-04-01,0.00
2015-04-02,0.00
2015-04-03,0.00
2015-04-04,5.63
2015-04-05,1.13
2015-04-06,0.00
2015-04-07,0.52
2015-04-08,0.42
2015-04-09,0.37
2015-04-10,0.00
2015-04-11,0.00
2015-04-12,0.56
2015-04-13,0.00
2015-04-14,0.00
2015-04-15,0.42
2015-04-16,0.00
2015-04-17,0.00
2015-04-18,0.66
2015-04-19,0.00
2015-04-20,0.00
2015-04-21,0.51
2015-04-22,0.00
2015-04-23,0.00
2015-04-24,0.00
2015-04-25,0.00
2015-04-26,0.00
2015-04-27,0.00
2015-04-28,0.00
2015-04-29,0.43
2015-04-30,0.00
2015-05-01,0.45
2015-05-02,0.67
2015-05-03,0.00
2015-05-04,1.39
2015-05-05,2.62
2015-05-06,0.43
2015-05-07,1.14
2015-05-08,0.92
2015-05-09,1.37
2015-05-10,0.59
2015-05-11,0.00
2015-05-12,0.53
2015-05-13,0.85
2015-05-14,0.38
2015-05-15,0.46
2015-05-16,0.70
2015-05-17,0.00
2015-05-18,0.72
2015-05-19,0.54
2015-05-20,0.86
2015-05-21,0.39
2015-05-22,0.46
2015-05-23,0.00
2015-05-24,0.00
2015-05-25,0.00
2015-05-26,1.86
2015-05-27,0.45
2015-05-28,1.16
2015-05-29,2.34
2015-05-30,1.38
2015-05-31,1.20
2015-06-01,0.00
2015-06-02,0.00
2015-06-03,0.00
2015-06-04,0.00
2015-06-05,0.00
2015-06-06,0.00
2015-06-07,0.59
2015-06-08,0.75
2015-06-09,0.00
2015-06-10,0.00
2015-06-11,0.00
2015-06-12,0.00
2015-06-13,0.00
2015-06-14,0.00
2015-06-15,0.00
2015-06-16,0.56
2015-06-17,0.92
2015-06-18,0.40
2015-06-19,0.00
2015-06-20,0.00
2015-06-21,0.00
2015-06-22,0.00
2015-06-23,0.00
2015-06-24,0.47
2015-06-25,0.41
2015-06-26,0.00
2015-06-27,0.00
2015-06-28,0.00
2015-06-29,0.00
2015-06-30,0.00
2015-07-01,0.00
2015-07-02,0.00
2015-07-03,0.58
2015-07-04,0.00
2015-07-05,0.00
2015-07-06,0.00
2015-07-07,0.60
2015-07-08,0.00
2015-07-09,0.00
2015-07-10,0.00
2015-07-11,0.00
2015-07-12,0.00
2015-07-13,0.00
2015-07-14,0.00
2015-07-15,0.00
2015-07-16,0.43
2015-07-17,0.50
2015-07-18,0.79
2015-07-19,0.00
2015-07-20,1.59
2015-07-21,0.58
2015-07-22,0.00
2015-07-23,0.87
2015-07-24,0.00
2015-07-25,0.78
2015-07-26,1.85
2015-07-27,0.00
2015-07-28,0.59
2015-07-29,0.49
2015-07-30,0.00
2015-07-31,0.00
2015-08-01,0.00
2015-08-02,0.00
2015-08-03,0.75
2015-08-04,0.59
2015-08-05,0.00
2015-08-06,0.00
2015-08-07,0.00
2015-08-08,0.00
2015-08-09,0.00
2015-08-10,0.80
2015-08-11,0.59
2015-08-12,0.49
2015-08-13,0.00
2015-08-14,0.00
2015-08-15,0.00
2015-08-16,1.30
2015-08-17,0.00
2015-08-18,1.17
2015-08-19,0.00
2015-08-20,0.40
2015-08-21,0.00
2015-08-22,2.97
2015-08-23,2.47
2015-08-24,0.78
2015-08-25,1.70
2015-08-26,0.46
2015-08-27,0.39
2015-08-28,0.48
2015-08-29,1.41
2015-08-30,2.41
2015-08-31,5.11
2015-09-01,0.55
2015-09-02,0.45
2015-09-03,0.00
2015-09-04,0.47
2015-09-05,0.00
2015-09-06,1.22
2015-09-07,0.00
2015-09-08,0.00
2015-09-09,0.00
2015-09-10,0.00
2015-09-11,0.46
2015-09-12,0.00
2015-09-13,0.00
2015-09-14,0.76
2015-09-15,0.62
2015-09-16,0.00
2015-09-17,0.41
2015-09-18,0.46
2015-09-19,0.00
2015-09-20,0.00
2015-09-21,0.00
2015-09-22,0.00
2015-09-23,0.45
2015-09-24,0.00
2015-09-25,0.00
2015-09-26,0.00
2015-09-27,0.58
2015-09-28,0.00
2015-09-29,0.56
2015-09-30,0.44
2015-10-01,0.00
2015-10-02,0.00
2015-10-03,0.00
2015-10-04,1.76
2015-10-05,0.00
2015-10-06,1.10
2015-10-07,0.00
2015-10-08,0.00
2015-10-09,0.00
2015-10-10,0.00
2015-10-11,0.00
2015-10-12,0.00
2015-10-13,1.70
2015-10-14,0.00
2015-10-15,0.00
2015-10-16,0.93
2015-10-17,0.00
2015-10-18,0.60
2015-10-19,0.00
2015-10-20,0.00
2015-10-21,0.00
2015-10-22,0.39
2015-10-23,0.00
2015-10-24,0.00
2015-10-25,0.00
2015-10-26,0.00
2015-10-27,0.00
2015-10-28,0.00
2015-10-29,0.00
2015-10-30,0.45
2015-10-31,0.64
2015-11-01,0.00
2015-11-02,0.00
2015-11-03,0.00
2015-11-04,0.44
2015-11-05,0.00
2015-11-06,0.00
2015-11-07,1.32
2015-11-08,1.72
2015-11-09,1.43
2015-11-10,0.00
2015-11-11,0.46
2015-11-12,0.00
2015-11-13,0.47
2015-11-14,0.00
2015-11-15,0.00
2015-11-16,1.48
2015-11-17,0.00
2015-11-18,0.46
2015-11-19,0.78
2015-11-20,1.41
2015-11-21,0.67
2015-11-22,0.00
2015-11-23,0.00
2015-11-24,0.00
2015-11-25,0.00
2015-11-26,0.00
2015-11-27,0.00
2015-11-28,0.76
2015-11-29,0.00
2015-11-30,0.00
2015-12-01,0.57
2015-12-02,0.46
2015-12-03,0.00
2015-12-04,0.00
2015-12-05,1.37
2015-12-06,0.00
2015-12-07,0.00
2015-12-08,0.00
2015-12-09,0.00
2015-12-10,0.00
2015-12-11,0.00
2015-12-12,0.73
2015-12-13,0.00
2015-12-14,0.79
2015-12-15,0.00
2015-12-16,0.00
2015-12-17,0.00
2015-12-18,0.00
2015-12-19,0.00
2015-12-20,0.00
2015-12-21,0.00
2015-12-22,0.62
2015-12-23,0.00
2015-12-24,0.00
2015-12-25,0.90
2015-12-26,0.00
2015-12-27,0.00
2015-12-28,6.03
2015-12-29,0.00
2015-12-30,0.00
2015-12-31,0.00
2016-01-01,1.58
2016-01-02,0.92
2016-01-03,2.04
2016-01-04,0.00
2016-01-05,0.00
2016-01-06,0.00
2016-01-07,2.89
2016-01-08,1.51
2016-01-09,0.71
2016-01-10,0.00
2016-01-11,0.00
2016-01-12,0.58
2016-01-13,0.93
2016-01-14,1.60
2016-01-15,0.00
2016-01-16,0.00
2016-01-17,0.63
2016-01-18,0.84
2016-01-19,0.60
2016-01-20,0.00
2016-01-21,4.85
2016-01-22,1.00
2016-01-23,1.47
2016-01-24,1.91
2016-01-25,0.78
2016-01-26,0.00
2016-01-27,0.00
2016-01-28,0.00
2016-01-29,0.49
2016-01-30,0.72
2016-01-31,1.21
2016-02-01,1.48
2016-02-02,1.13
2016-02-03,0.45
2016-02-04,0.39
2016-02-05,0.49
2016-02-06,1.43
2016-02-07,0.62
2016-02-08,2.40
2016-02-09,0.59
2016-02-10,0.48
2016-02-11,0.41
2016-02-12,0.00
2016-02-13,0.00
2016-02-14,0.00
2016-02-15,1.73
2016-02-16,0.00
2016-02-17,0.00
2016-02-18,0.86
2016-02-19,2.94
2016-02-20,0.00
2016-02-21,0.00
2016-02-22,0.00
2016-02-23,2.21
2016-02-24,0.44
2016-02-25,0.00
2016-02-26,0.00
2016-02-27,1.39
2016-02-28,1.00
2016-02-29,0.56
2016-03-01,2.95
2016-03-02,0.32
2016-03-03,0.30
2016-03-04,0.36
2016-03-05,0.00
2016-03-06,0.51
2016-03-07,1.15
2016-03-08,0.44
2016-03-09,0.33
2016-03-10,0.00
2016-03-11,0.38
2016-03-12,0.00
2016-03-13,0.00
2016-03-14,0.59
2016-03-15,0.88
2016-03-16,0.33
2016-03-17,0.29
2016-03-18,0.00
2016-03-19,0.63
2016-03-20,1.03
2016-03-21,1.20
2016-03-22,0.89
2016-03-23,0.97
2016-03-24,0.59
2016-03-25,0.75
2016-03-26,1.26
2016-03-27,1.54
2016-03-28,1.16
2016-03-29,0.86
2016-03-30,1.63
2016-03-31,0.59
2016-04-01,0.72
2016-04-02,1.25
2016-04-03,1.03
2016-04-04,1.09
2016-04-05,0.40
2016-04-06,0.00
2016-04-07,0.00
2016-04-08,1.43
2016-04-09,0.61
2016-04-10,0.00
2016-04-11,0.00
2016-04-12,0.41
2016-04-13,0.00
2016-04-14,0.27
2016-04-15,1.05
2016-04-16,0.61
2016-04-17,0.52
2016-04-18,0.51
2016-04-19,0.00
2016-04-20,0.32
2016-04-21,0.29
2016-04-22,2.88
2016-04-23,1.19
2016-04-24,0.49
2016-04-25,0.00
2016-04-26,0.42
2016-04-27,0.93
2016-04-28,0.57
2016-04-29,0.34
2016-04-30,0.58
2016-05-01,1.00
2016-05-02,1.60
2016-05-03,0.41
2016-05-04,0.62
2016-05-05,0.29
2016-05-06,1.11
2016-05-07,0.60
2016-05-08,0.00
2016-05-09,0.00
2016-05-10,0.40
2016-05-11,0.00
2016-05-12,0.28
2016-05-13,0.71
2016-05-14,0.60
2016-05-15,1.02
2016-05-16,0.49
2016-05-17,0.40
2016-05-18,0.31
2016-05-19,0.28
2016-05-20,0.00
2016-05-21,1.20
2016-05-22,1.53
2016-05-23,0.59
2016-05-24,0.00
2016-05-25,0.33
2016-05-26,0.00
2016-05-27,0.37
2016-05-28,0.00
2016-05-29,0.52
2016-05-30,0.00
2016-05-31,0.00
2016-06-01,0.34
2016-06-02,0.30
2016-06-03,0.00
2016-06-04,0.00
2016-06-05,2.12
2016-06-06,0.55
2016-06-07,0.00
2016-06-08,0.68
2016-06-09,0.31
2016-06-10,0.39
2016-06-11,1.30
2016-06-12,1.05
2016-06-13,4.94
2016-06-14,1.72
2016-06-15,0.70
2016-06-16,1.20
2016-06-17,0.40
2016-06-18,0.67
2016-06-19,0.00
2016-06-20,0.00
2016-06-21,0.45
2016-06-22,0.00
2016-06-23,0.00
2016-06-24,0.00
2016-06-25,0.00
2016-06-26,0.53
2016-06-27,0.00
2016-06-28,1.34
2016-06-29,1.79
2016-06-30,0.64
2016-07-01,1.25
2016-07-02,0.68
2016-07-03,0.57
2016-07-04,0.00
2016-07-05,0.53
2016-07-06,0.73
2016-07-07,0.00
2016-07-08,0.43
2016-07-09,0.00
2016-07-10,2.82
2016-07-11,1.87
2016-07-12,4.38
2016-07-13,0.00
2016-07-14,0.00
2016-07-15,0.41
2016-07-16,0.68
2016-07-17,1.11
2016-07-18,0.00
2016-07-19,3.78
2016-07-20,0.35
2016-07-21,0.32
2016-07-22,0.00
2016-07-23,0.00
2016-07-24,0.00
2016-07-25,0.00
2016-07-26,0.00
2016-07-27,0.00
2016-07-28,0.00
2016-07-29,1.24
2016-07-30,0.00
2016-07-31,0.00
2016-08-01,0.61
2016-08-02,0.00
2016-08-03,1.74
2016-08-04,0.00
2016-08-05,0.00
2016-08-06,0.00
2016-08-07,1.10
2016-08-08,0.62
2016-08-09,0.00
2016-08-10,0.00
2016-08-11,0.63
2016-08-12,0.40
2016-08-13,0.65
2016-08-14,0.00
2016-08-15,0.00
2016-08-16,0.46
2016-08-17,0.00
2016-08-18,0.00
2016-08-19,0.00
2016-08-20,0.00
2016-08-21,0.00
2016-08-22,0.00
2016-08-23,0.44
2016-08-24,0.00
2016-08-25,0.30
2016-08-26,0.00
2016-08-27,0.60
2016-08-28,2.12
2016-08-29,0.00
2016-08-30,0.42
2016-08-31,0.00
2016-09-01,0.00
2016-09-02,0.00
2016-09-03,0.00
2016-09-04,0.53
2016-09-05,0.89
2016-09-06,0.00
2016-09-07,0.00
2016-09-08,0.30
2016-09-09,0.00
2016-09-10,0.00
2016-09-11,0.51
2016-09-12,0.00
2016-09-13,0.00
2016-09-14,0.32
2016-09-15,0.29
2016-09-16,0.38
2016-09-17,0.58
2016-09-18,1.04
2016-09-19,0.00
2016-09-20,0.43
2016-09-21,0.30
2016-09-22,0.00
2016-09-23,0.36
2016-09-24,0.59
2016-09-25,0.52
2016-09-26,0.59
2016-09-27,0.00
2016-09-28,0.35
2016-09-29,0.00
2016-09-30,0.38
2016-10-01,0.58
2016-10-02,1.05
2016-10-03,1.01
2016-10-04,1.65
2016-10-05,0.33
2016-10-06,0.00
2016-10-07,0.00
2016-10-08,0.62
2016-10-09,4.88
2016-10-10,0.58
2016-10-11,3.36
2016-10-12,0.35
2016-10-13,0.30
2016-10-14,0.36
2016-10-15,0.59
2016-10-16,0.00
2016-10-17,0.00
2016-10-18,0.00
2016-10-19,0.00
2016-10-20,0.00
2016-10-21,0.37
2016-10-22,0.58
2016-10-23,1.02
2016-10-24,0.60
2016-10-25,1.76
2016-10-26,0.33
2016-10-27,0.30
2016-10-28,0.00
2016-10-29,1.13
2016-10-30,1.49
2016-10-31,1.18
2016-11-01,0.00
2016-11-02,1.25
2016-11-03,0.29
2016-11-04,0.00
2016-11-05,0.00
2016-11-06,0.00
2016-11-07,0.00
2016-11-08,0.00
2016-11-09,0.00
2016-11-10,0.00
2016-11-11,0.00
2016-11-12,0.58
2016-11-13,0.00
2016-11-14,0.00
2016-11-15,0.42
2016-11-16,0.00
2016-11-17,0.00
2016-11-18,0.00
2016-11-19,0.00
2016-11-20,1.60
2016-11-21,0.00
2016-11-22,0.00
2016-11-23,0.00
2016-11-24,0.46
2016-11-25,0.00
2016-11-26,0.00
2016-11-27,0.00
2016-11-28,0.00
2016-11-29,0.00
2016-11-30,0.00
2016-12-01,0.00
2016-12-02,0.00
2016-12-03,0.00
2016-12-04,0.00
2016-12-05,0.00
2016-12-06,0.00
2016-12-07,0.00
2016-12-08,0.00
2016-12-09,0.00
2016-12-10,0.61
2016-12-11,0.55
2016-12-12,0.00
2016-12-13,0.42
2016-12-14,0.00
2016-12-15,0.31
2016-12-16,0.37
2016-12-17,0.00
2016-12-18,0.00
2016-12-19,0.00
2016-12-20,0.43
2016-12-21,0.64
2016-12-22,0.32
2016-12-23,0.00
2016-12-24,0.00
2016-12-25,0.00
2016-12-26,0.00
2016-12-27,0.00
2016-12-28,0.78
2016-12-29,0.00
2016-12-30,0.00
2016-12-31,1.35
2017-01-01,0.62
2017-01-02,0.00
2017-01-03,0.48
2017-01-04,0.00
2017-01-05,0.00
2017-01-06,0.00
2017-01-07,0.63
2017-01-08,0.00
2017-01-09,0.00
2017-01-10,1.67
2017-01-11,0.66
2017-01-12,0.00
2017-01-13,0.37
2017-01-14,0.00
2017-01-15,0.56
2017-01-16,0.00
2017-01-17,0.45
2017-01-18,0.63
2017-01-19,0.31
2017-01-20,0.00
2017-01-21,0.00
2017-01-22,3.36
2017-01-23,0.00
2017-01-24,0.00
2017-01-25,0.31
2017-01-26,0.00
2017-01-27,0.00
2017-01-28,1.85
2017-01-29,0.00
2017-01-30,0.00
2017-01-31,0.00
2017-02-01,0.64
2017-02-02,0.00
2017-02-03,0.37
2017-02-04,1.14
2017-02-05,0.54
2017-02-06,0.00
2017-02-07,0.00
2017-02-08,0.00
2017-02-09,0.00
2017-02-10,0.00
2017-02-11,0.59
2017-02-12,0.54
2017-02-13,0.00
2017-02-14,0.00
2017-02-15,0.32
2017-02-16,0.30
2017-02-17,0.37
2017-02-18,0.00
2017-02-19,0.00
2017-02-20,0.97
2017-02-21,1.22
2017-02-22,0.63
2017-02-23,0.00
2017-02-24,0.73
2017-02-25,0.00
2017-02-26,0.00
2017-02-27,0.00
2017-02-28,0.00
2017-03-01,0.00
2017-03-02,0.00
2017-03-03,0.00
2017-03-04,0.00
2017-03-05,1.04
2017-03-06,0.55
2017-03-07,0.00
2017-03-08,0.00
2017-03-09,0.00
2017-03-10,0.35
2017-03-11,0.00
2017-03-12,0.54
2017-03-13,0.48
2017-03-14,0.00
2017-03-15,0.00
2017-03-16,0.31
2017-03-17,0.00
2017-03-18,0.00
2017-03-19,0.52
2017-03-20,1.18
2017-03-21,0.00
2017-03-22,0.63
2017-03-23,0.00
2017-03-24,0.00
2017-03-25,0.64
2017-03-26,2.61
2017-03-27,0.51
2017-03-28,0.39
2017-03-29,1.21
2017-03-30,0.00
2017-03-31,0.00
2017-04-01,0.00
2017-04-02,0.54
2017-04-03,0.59
2017-04-04,2.67
2017-04-05,0.00
2017-04-06,0.00
2017-04-07,0.00
2017-04-08,0.00
2017-04-09,0.53
2017-04-10,3.21
2017-04-11,0.00
2017-04-12,0.00
2017-04-13,0.00
2017-04-14,0.00
2017-04-15,1.27
2017-04-16,0.56
2017-04-17,0.00
2017-04-18,0.78
2017-04-19,0.90
2017-04-20,0.29
2017-04-21,0.00
2017-04-22,1.81
2017-04-23,0.00
2017-04-24,1.17
2017-04-25,1.23
2017-04-26,5.70
2017-04-27,0.00
2017-04-28,0.36
2017-04-29,0.00
2017-04-30,0.53
2017-05-01,0.50
2017-05-02,0.00
2017-05-03,0.00
2017-05-04,0.00
2017-05-05,0.00
2017-05-06,0.64
2017-05-07,0.00
2017-05-08,0.56
2017-05-09,0.00
2017-05-10,0.33
2017-05-11,0.00
2017-05-12,0.78
2017-05-13,0.00
2017-05-14,0.54
2017-05-15,0.00
2017-05-16,0.45
2017-05-17,0.00
2017-05-18,0.96
2017-05-19,0.39
2017-05-20,0.00
2017-05-21,0.00
2017-05-22,0.00
2017-05-23,0.00
2017-05-24,0.00
2017-05-25,0.00
2017-05-26,0.00
2017-05-27,0.00
2017-05-28,0.00
2017-05-29,0.00
2017-05-30,0.00
2017-05-31,0.00
2017-06-01,0.00
2017-06-02,0.00
2017-06-03,0.70
2017-06-04,1.17
2017-06-05,0.00
2017-06-06,0.00
2017-06-07,0.00
2017-06-08,0.00
2017-06-09,0.00
2017-06-10,0.69
2017-06-11,1.69
2017-06-12,1.32
2017-06-13,0.48
2017-06-14,0.71
2017-06-15,0.00
2017-06-16,0.00
2017-06-17,0.00
2017-06-18,0.00
2017-06-19,0.00
2017-06-20,0.00
2017-06-21,0.00
2017-06-22,0.00
2017-06-23,0.42
2017-06-24,0.69
2017-06-25,0.57
2017-06-26,0.00
2017-06-27,0.00
2017-06-28,2.26
2017-06-29,0.36
2017-06-30,0.00
2017-07-01,0.00
2017-07-02,0.00
2017-07-03,1.42
2017-07-04,0.00
2017-07-05,0.00
2017-07-06,0.00
2017-07-07,0.00
2017-07-08,0.72
2017-07-09,0.60
2017-07-10,0.00
2017-07-11,0.00
2017-07-12,0.00
2017-07-13,0.00
2017-07-14,0.00
2017-07-15,0.00
2017-07-16,0.00
2017-07-17,0.00
2017-07-18,0.00
2017-07-19,0.00
2017-07-20,0.00
2017-07-21,0.00
2017-07-22,0.00
2017-07-23,0.00
2017-07-24,0.00
2017-07-25,0.00
2017-07-26,0.37
2017-07-27,0.00
2017-07-28,0.00
2017-07-29,0.72
2017-07-30,0.59
2017-07-31,0.00
2017-08-01,2.97
2017-08-02,0.00
2017-08-03,0.00
2017-08-04,0.43
2017-08-05,0.00
2017-08-06,0.58
2017-08-07,0.00
2017-08-08,0.00
2017-08-09,0.00
2017-08-10,0.00
2017-08-11,0.00
2017-08-12,0.00
2017-08-13,0.00
2017-08-14,0.00
2017-08-15,0.00
2017-08-16,0.37
2017-08-17,0.00
2017-08-18,0.00
2017-08-19,2.00
2017-08-20,2.86
2017-08-21,0.00
2017-08-22,0.00
2017-08-23,0.35
2017-08-24,0.00
2017-08-25,0.00
2017-08-26,0.00
2017-08-27,1.12
2017-08-28,0.00
2017-08-29,3.71
2017-08-30,0.00
2017-08-31,0.32
2017-09-01,0.37
2017-09-02,0.00
2017-09-03,0.00
2017-09-04,0.00
2017-09-05,0.00
2017-09-06,0.00
2017-09-07,0.00
2017-09-08,1.14
2017-09-09,2.64
2017-09-10,0.52
2017-09-11,0.00
2017-09-12,0.00
2017-09-13,0.00
2017-09-14,0.32
2017-09-15,0.00
2017-09-16,0.00
2017-09-17,0.52
2017-09-18,0.00
2017-09-19,0.00
2017-09-20,0.34
2017-09-21,0.00
2017-09-22,0.00
2017-09-23,0.00
2017-09-24,0.00
2017-09-25,0.00
2017-09-26,0.00
2017-09-27,0.34
2017-09-28,0.32
2017-09-29,0.00
2017-09-30,0.00
2017-10-01,0.00
2017-10-02,0.58
2017-10-03,0.45
2017-10-04,0.00
2017-10-05,0.00
2017-10-06,0.38
2017-10-07,0.00
2017-10-08,0.00
2017-10-09,0.00
2017-10-10,0.00
2017-10-11,0.00
2017-10-12,0.00
2017-10-13,0.00
2017-10-14,0.00
2017-10-15,0.51
2017-10-16,0.00
2017-10-17,0.00
2017-10-18,0.00
2017-10-19,0.32
2017-10-20,0.37
2017-10-21,1.14
2017-10-22,1.01
2017-10-23,1.13
2017-10-24,0.44
2017-10-25,0.33
2017-10-26,0.31
2017-10-27,0.00
2017-10-28,0.00
2017-10-29,0.00
2017-10-30,0.00
2017-10-31,0.00
2017-11-01,0.00
2017-11-02,0.00
2017-11-03,0.00
2017-11-04,0.00
2017-11-05,0.98
2017-11-06,0.59
2017-11-07,0.00
2017-11-08,0.00
2017-11-09,0.00
2017-11-10,0.00
2017-11-11,0.00
2017-11-12,0.50
2017-11-13,0.00
2017-11-14,0.45
2017-11-15,0.00
2017-11-16,0.00
2017-11-17,0.00
2017-11-18,1.16
2017-11-19,0.00
2017-11-20,0.00
2017-11-21,0.00
2017-11-22,0.34
2017-11-23,0.48
2017-11-24,0.00
2017-11-25,0.00
2017-11-26,0.00
2017-11-27,0.60
2017-11-28,0.00
2017-11-29,0.00
2017-11-30,0.00
2017-12-01,0.00
2017-12-02,0.00
2017-12-03,1.50
2017-12-04,0.00
2017-12-05,0.45
2017-12-06,0.00
2017-12-07,0.00
2017-12-08,0.00
2017-12-09,0.00
2017-12-10,0.00
2017-12-11,0.00
2017-12-12,0.46
2017-12-13,0.00
2017-12-14,0.00
2017-12-15,0.00
2017-12-16,0.00
2017-12-17,2.23
2017-12-18,0.00
2017-12-19,1.41
2017-12-20,0.65
2017-12-21,0.33
2017-12-22,0.00
2017-12-23,0.00
2017-12-24,3.22
2017-12-25,0.00
2017-12-26,0.00
2017-12-27,0.41
2017-12-28,0.00
2017-12-29,0.45
2017-12-30,0.00
2017-12-31,1.76
2018-01-01,0.00
2018-01-02,0.00
2018-01-03,0.73
2018-01-04,0.00
2018-01-05,1.22
2018-01-06,0.61
2018-01-07,0.00
2018-01-08,0.00
2018-01-09,0.00
2018-01-10,0.00
2018-01-11,0.00
2018-01-12,0.38
2018-01-13,0.00
2018-01-14,0.56
2018-01-15,1.33
2018-01-16,0.47
2018-01-17,0.34
2018-01-18,0.00
2018-01-19,0.00
2018-01-20,1.25
2018-01-21,1.65
2018-01-22,0.59
2018-01-23,0.00
2018-01-24,0.31
2018-01-25,0.31
2018-01-26,0.00
2018-01-27,0.00
2018-01-28,1.05
2018-01-29,0.00
2018-01-30,0.00
2018-01-31,0.98
2018-02-01,0.64
2018-02-02,0.00
2018-02-03,0.62
2018-02-04,0.00
2018-02-05,0.61
2018-02-06,1.34
2018-02-07,0.96
2018-02-08,0.32
2018-02-09,0.75
2018-02-10,1.25
2018-02-11,1.09
2018-02-12,0.00
2018-02-13,0.41
2018-02-14,0.31
2018-02-15,0.00
2018-02-16,0.36
2018-02-17,0.61
2018-02-18,1.59
2018-02-19,0.63
2018-02-20,0.88
2018-02-21,0.00
2018-02-22,0.00
2018-02-23,0.00
2018-02-24,0.00
2018-02-25,0.54
2018-02-26,0.00
2018-02-27,0.00
2018-02-28,0.31
2018-03-01,0.00
2018-03-02,0.00
2018-03-03,0.00
2018-03-04,1.57
2018-03-05,0.00
2018-03-06,0.00
2018-03-07,0.00
2018-03-08,0.00
2018-03-09,0.38
2018-03-10,1.22
2018-03-11,1.10
2018-03-12,0.00
2018-03-13,0.00
2018-03-14,0.00
2018-03-15,0.64
2018-03-16,0.00
2018-03-17,0.00
2018-03-18,0.00
2018-03-19,0.00
2018-03-20,0.00
2018-03-21,0.00
2018-03-22,0.00
2018-03-23,0.00
2018-03-24,0.00
2018-03-25,1.67
2018-03-26,1.20
2018-03-27,2.16
2018-03-28,0.00
2018-03-29,0.32
2018-03-30,0.00
2018-03-31,0.00
2018-04-01,0.57
2018-04-02,0.00
2018-04-03,0.00
2018-04-04,0.00
2018-04-05,0.66
2018-04-06,0.37
2018-04-07,0.63
2018-04-08,3.40
2018-04-09,0.60
2018-04-10,0.00
2018-04-11,0.31
2018-04-12,0.31
2018-04-13,0.36
2018-04-14,0.00
2018-04-15,0.00
2018-04-16,0.59
2018-04-17,3.36
2018-04-18,0.00
2018-04-19,0.00
2018-04-20,0.00
2018-04-21,1.81
2018-04-22,0.00
2018-04-23,0.00
2018-04-24,0.42
2018-04-25,0.00
2018-04-26,0.30
2018-04-27,0.00
2018-04-28,0.00
2018-04-29,1.05
2018-04-30,0.00
2018-05-01,0.00
2018-05-02,0.00
2018-05-03,0.00
2018-05-04,0.00
2018-05-05,0.00
2018-05-06,1.11
2018-05-07,0.00
2018-05-08,0.00
2018-05-09,0.00
2018-05-10,0.00
2018-05-11,0.00
2018-05-12,0.00
2018-05-13,0.55
2018-05-14,0.00
2018-05-15,1.32
2018-05-16,0.00
2018-05-17,0.00
2018-05-18,0.00
2018-05-19,0.63
2018-05-20,4.39
2018-05-21,0.00
2018-05-22,0.00
2018-05-23,0.00
2018-05-24,0.00
2018-05-25,0.37
2018-05-26,0.00
2018-05-27,0.00
2018-05-28,0.95
2018-05-29,0.00
2018-05-30,0.00
2018-05-31,0.61
2018-06-01,0.00
2018-06-02,0.00
2018-06-03,0.00
2018-06-04,0.00
2018-06-05,0.00
2018-06-06,0.00
2018-06-07,0.32
2018-06-08,0.00
2018-06-09,0.00
2018-06-10,0.58
2018-06-11,0.63
2018-06-12,0.00
2018-06-13,0.00
2018-06-14,0.32
2018-06-15,0.00
2018-06-16,0.67
2018-06-17,0.00
2018-06-18,0.00
2018-06-19,0.44
2018-06-20,0.00
2018-06-21,0.33
2018-06-22,0.00
2018-06-23,0.00
2018-06-24,0.00
2018-06-25,1.30
2018-06-26,0.00
2018-06-27,0.00
2018-06-28,0.35
2018-06-29,0.00
2018-06-30,0.00
2018-07-01,0.00
2018-07-02,0.00
2018-07-03,0.00
2018-07-04,0.00
2018-07-05,0.00
2018-07-06,0.00
2018-07-07,0.00
2018-07-08,0.00
2018-07-09,0.00
2018-07-10,0.00
2018-07-11,0.39
2018-07-12,0.77
2018-07-13,0.00
2018-07-14,0.76
2018-07-15,1.33
2018-07-16,2.17
2018-07-17,0.00
2018-07-18,0.00
2018-07-19,0.00
2018-07-20,0.00
2018-07-21,0.00
2018-07-22,1.34
2018-07-23,0.00
2018-07-24,0.00
2018-07-25,0.00
2018-07-26,0.00
2018-07-27,0.00
2018-07-28,0.00
2018-07-29,0.67
2018-07-30,0.00
2018-07-31,1.08
2018-08-01,0.00
2018-08-02,0.00
2018-08-03,0.00
2018-08-04,0.00
2018-08-05,0.64
2018-08-06,0.00
2018-08-07,0.00
2018-08-08,0.00
2018-08-09,0.00
2018-08-10,0.46
2018-08-11,0.00
2018-08-12,0.00
2018-08-13,1.43
2018-08-14,0.00
2018-08-15,0.00
2018-08-16,0.00
2018-08-17,0.00
2018-08-18,0.71
2018-08-19,0.65
2018-08-20,0.00
2018-08-21,0.00
2018-08-22,0.00
2018-08-23,0.00
2018-08-24,0.00
2018-08-25,0.00
2018-08-26,1.23
2018-08-27,0.00
2018-08-28,0.49
2018-08-29,0.00
2018-08-30,0.36
2018-08-31,0.00
2018-09-01,0.00
2018-09-02,0.00
2018-09-03,0.00
2018-09-04,0.00
2018-09-05,0.00
2018-09-06,2.54
2018-09-07,0.40
2018-09-08,0.00
2018-09-09,0.00
2018-09-10,0.00
2018-09-11,0.00
2018-09-12,0.00
2018-09-13,0.35
2018-09-14,0.79
2018-09-15,0.00
2018-09-16,0.61
2018-09-17,0.00
2018-09-18,0.00
2018-09-19,0.37
2018-09-20,0.00
2018-09-21,0.00
2018-09-22,0.00
2018-09-23,2.47
2018-09-24,0.00
2018-09-25,0.00
2018-09-26,0.00
2018-09-27,0.00
2018-09-28,1.27
2018-09-29,0.00
2018-09-30,0.61
2018-10-01,0.00
2018-10-02,0.00
2018-10-03,0.36
2018-10-04,0.00
2018-10-05,0.82
2018-10-06,0.00
2018-10-07,1.90
2018-10-08,0.69
2018-10-09,0.00
2018-10-10,0.36
2018-10-11,0.00
2018-10-12,0.84
2018-10-13,0.64
2018-10-14,0.62
2018-10-15,0.00
2018-10-16,0.00
2018-10-17,0.73
2018-10-18,0.35
2018-10-19,0.83
2018-10-20,0.00
2018-10-21,0.00
2018-10-22,0.00
2018-10-23,0.50
2018-10-24,0.00
2018-10-25,0.71
2018-10-26,0.42
2018-10-27,1.28
2018-10-28,0.00
2018-10-29,1.32
2018-10-30,0.00
2018-10-31,0.00
2018-11-01,0.35
2018-11-02,0.00
2018-11-03,1.25
2018-11-04,1.21
2018-11-05,1.33
2018-11-06,0.00
2018-11-07,0.35
2018-11-08,0.00
2018-11-09,0.00
2018-11-10,0.00
2018-11-11,0.00
2018-11-12,0.00
2018-11-13,0.00
2018-11-14,0.75
2018-11-15,0.00
2018-11-16,0.00
2018-11-17,0.67
2018-11-18,0.63
2018-11-19,1.68
2018-11-20,0.00
2018-11-21,0.00
2018-11-22,0.00
2018-11-23,0.53
2018-11-24,0.00
2018-11-25,0.00
2018-11-26,0.00
2018-11-27,0.51
2018-11-28,0.38
2018-11-29,0.38
2018-11-30,0.44
2018-12-01,0.00
2018-12-02,0.63
2018-12-03,0.00
2018-12-04,0.00
2018-12-05,0.36
2018-12-06,0.37
2018-12-07,0.00
2018-12-08,0.00
2018-12-09,0.00
2018-12-10,0.00
2018-12-11,1.01
2018-12-12,0.00
2018-12-13,0.00
2018-12-14,0.00
2018-12-15,0.00
2018-12-16,1.34
2018-12-17,0.68
2018-12-18,0.51
2018-12-19,0.00
2018-12-20,0.38
2018-12-21,0.00
2018-12-22,0.00
2018-12-23,0.00
2018-12-24,0.00
2018-12-25,0.00
2018-12-26,0.00
2018-12-27,0.00
2018-12-28,0.50
2018-12-29,0.00
2018-12-30,0.00
2018-12-31,1.65
2019-01-01,0.00
2019-01-02,0.00
2019-01-03,0.40
2019-01-04,0.46
2019-01-05,2.17
2019-01-06,0.00
2019-01-07,0.00
2019-01-08,1.55
2019-01-09,5.67
2019-01-10,0.00
2019-01-11,0.43
2019-01-12,0.00
2019-01-13,2.66
2019-01-14,0.00
2019-01-15,0.00
2019-01-16,0.00
2019-01-17,0.00
2019-01-18,0.88
2019-01-19,0.00
2019-01-20,0.67
2019-01-21,0.00
2019-01-22,0.00
2019-01-23,0.38
2019-01-24,0.00
2019-01-25,0.00
2019-01-26,0.00
2019-01-27,1.25
2019-01-28,0.00
2019-01-29,0.51
2019-01-30,0.75
2019-01-31,0.38
2019-02-01,0.00
2019-02-02,0.00
2019-02-03,0.65
2019-02-04,0.00
2019-02-05,0.00
2019-02-06,0.00
2019-02-07,0.00
2019-02-08,0.00
2019-02-09,0.00
2019-02-10,0.00
2019-02-11,0.00
2019-02-12,0.00
2019-02-13,0.00
2019-02-14,0.37
2019-02-15,0.43
2019-02-16,0.00
2019-02-17,1.68
2019-02-18,0.00
2019-02-19,0.00
2019-02-20,0.00
2019-02-21,0.00
2019-02-22,0.00
2019-02-23,0.00
2019-02-24,0.00
2019-02-25,0.00
2019-02-26,0.00
2019-02-27,0.00
2019-02-28,0.00
2019-03-01,0.00
2019-03-02,0.00
2019-03-03,0.00
2019-03-04,0.00
2019-03-05,1.56
2019-03-06,0.00
2019-03-07,0.00
2019-03-08,0.00
2019-03-09,0.00
2019-03-10,0.00
2019-03-11,0.00
2019-03-12,0.00
2019-03-13,0.00
2019-03-14,1.08
2019-03-15,0.44
2019-03-16,0.00
2019-03-17,1.30
2019-03-18,0.70
2019-03-19,0.51
2019-03-20,0.36
2019-03-21,0.38
2019-03-22,0.45
2019-03-23,0.00
2019-03-24,1.90
2019-03-25,0.00
2019-03-26,1.45
2019-03-27,0.00
2019-03-28,0.38
2019-03-29,0.00
2019-03-30,0.00
2019-03-31,1.30
2019-04-01,0.00
2019-04-02,0.00
2019-04-03,0.00
2019-04-04,0.00
2019-04-05,1.65
2019-04-06,1.59
2019-04-07,0.00
2019-04-08,1.62
2019-04-09,0.00
2019-04-10,0.00
2019-04-11,0.49
2019-04-12,0.00
2019-04-13,0.00
2019-04-14,0.00
2019-04-15,0.00
2019-04-16,0.00
2019-04-17,0.00
2019-04-18,0.49
2019-04-19,1.14
2019-04-20,0.00
2019-04-21,1.51
2019-04-22,1.73
2019-04-23,0.63
2019-04-24,0.00
2019-04-25,0.00
2019-04-26,0.00
2019-04-27,1.57
2019-04-28,2.16
2019-04-29,0.83
2019-04-30,1.83
2019-05-01,0.48
2019-05-02,0.00
2019-05-03,0.55
2019-05-04,0.78
2019-05-05,0.00
2019-05-06,0.85
2019-05-07,0.61
2019-05-08,0.00
2019-05-09,0.00
2019-05-10,0.00
2019-05-11,0.00
2019-05-12,1.45
2019-05-13,0.00
2019-05-14,0.00
2019-05-15,0.00
2019-05-16,0.94
2019-05-17,1.13
2019-05-18,0.00
2019-05-19,0.00
2019-05-20,1.72
2019-05-21,0.00
2019-05-22,0.00
2019-05-23,2.08
2019-05-24,0.58
2019-05-25,0.00
2019-05-26,2.20
2019-05-27,0.00
2019-05-28,0.71
2019-05-29,0.00
2019-05-30,2.09
2019-05-31,1.74
2019-06-01,1.67
2019-06-02,0.00
2019-06-03,0.00
2019-06-04,0.00
2019-06-05,0.00
2019-06-06,0.54
2019-06-07,1.22
2019-06-08,0.00
2019-06-09,2.37
2019-06-10,0.00
2019-06-11,0.00
2019-06-12,0.00
2019-06-13,0.58
2019-06-14,0.00
2019-06-15,0.00
2019-06-16,0.00
2019-06-17,0.00
2019-06-18,0.00
2019-06-19,1.09
2019-06-20,0.54
2019-06-21,0.00
2019-06-22,0.00
2019-06-23,1.51
2019-06-24,1.78
2019-06-25,0.00
2019-06-26,0.00
2019-06-27,0.55
2019-06-28,0.00
2019-06-29,0.00
2019-06-30,0.73
2019-07-01,0.00
2019-07-02,0.00
2019-07-03,0.57
2019-07-04,0.00
2019-07-05,0.70
2019-07-06,0.00
2019-07-07,0.00
2019-07-08,0.92
2019-07-09,0.69
2019-07-10,0.00
2019-07-11,0.57
2019-07-12,0.00
2019-07-13,0.00
2019-07-14,0.00
2019-07-15,3.70
2019-07-16,0.00
2019-07-17,0.00
2019-07-18,0.00
2019-07-19,1.90
2019-07-20,0.89
2019-07-21,0.00
2019-07-22,0.00
2019-07-23,0.70
2019-07-24,0.00
2019-07-25,0.00
2019-07-26,0.62
2019-07-27,0.00
2019-07-28,0.00
2019-07-29,0.00
2019-07-30,0.71
2019-07-31,0.00
2019-08-01,0.58
2019-08-02,0.00
2019-08-03,1.75
2019-08-04,3.16
2019-08-05,0.00
2019-08-06,0.00
2019-08-07,0.57
2019-08-08,0.00
2019-08-09,0.65
2019-08-10,0.00
2019-08-11,0.00
2019-08-12,0.00
2019-08-13,0.00
2019-08-14,1.14
2019-08-15,1.14
2019-08-16,0.60
2019-08-17,0.00
2019-08-18,0.82
2019-08-19,1.78
2019-08-20,0.00
2019-08-21,0.00
2019-08-22,0.55
2019-08-23,1.80
2019-08-24,0.00
2019-08-25,1.52
2019-08-26,0.00
2019-08-27,1.30
2019-08-28,0.00
2019-08-29,0.55
2019-08-30,0.00
2019-08-31,0.80
2019-09-01,0.75
2019-09-02,1.26
2019-09-03,0.00
2019-09-04,0.00
2019-09-05,0.00
2019-09-06,0.57
2019-09-07,0.00
2019-09-08,0.76
2019-09-09,1.69
2019-09-10,1.33
2019-09-11,0.00
2019-09-12,1.10
2019-09-13,1.18
2019-09-14,0.00
2019-09-15,1.53
2019-09-16,0.00
2019-09-17,0.61
2019-09-18,0.00
2019-09-19,1.64
2019-09-20,1.16
2019-09-21,0.00
2019-09-22,2.29
2019-09-23,0.00
2019-09-24,0.56
2019-09-25,0.53
2019-09-26,1.09
2019-09-27,0.00
2019-09-28,0.00
2019-09-29,0.75
2019-09-30,0.00
2019-10-01,0.00
2019-10-02,1.06
2019-10-03,0.51
2019-10-04,0.58
2019-10-05,0.77
2019-10-06,1.52
2019-10-07,0.00
2019-10-08,0.64
2019-10-09,0.51
2019-10-10,0.00
2019-10-11,2.25
2019-10-12,1.51
2019-10-13,1.55
2019-10-14,1.86
2019-10-15,1.31
2019-10-16,0.52
2019-10-17,0.54
2019-10-18,0.58
2019-10-19,0.00
2019-10-20,2.36
2019-10-21,0.81
2019-10-22,0.65
2019-10-23,0.00
2019-10-24,2.04
2019-10-25,4.08
2019-10-26,0.00
2019-10-27,2.26
2019-10-28,1.77
2019-10-29,0.00
2019-10-30,0.00
2019-10-31,0.83
2019-11-01,0.00
2019-11-02,0.77
2019-11-03,0.00
2019-11-04,0.83
2019-11-05,0.62
2019-11-06,1.59
2019-11-07,0.54
2019-11-08,0.59
2019-11-09,1.53
2019-11-10,0.00
2019-11-11,0.82
2019-11-12,0.69
2019-11-13,0.53
2019-11-14,1.10
2019-11-15,0.58
2019-11-16,0.00
2019-11-17,0.00
2019-11-18,1.52
2019-11-19,0.00
2019-11-20,0.54
2019-11-21,0.56
2019-11-22,0.58
2019-11-23,0.00
2019-11-24,0.00
2019-11-25,0.00
2019-11-26,0.00
2019-11-27,0.00
2019-11-28,2.62
2019-11-29,1.49
2019-11-30,0.00
2019-12-01,0.00
2019-12-02,0.00
2019-12-03,0.00
2019-12-04,0.00
2019-12-05,0.00
2019-12-06,0.00
2019-12-07,0.81
2019-12-08,1.57
2019-12-09,0.00
2019-12-10,0.00
2019-12-11,0.55
2019-12-12,0.00
2019-12-13,0.00
2019-12-14,0.00
2019-12-15,1.61
2019-12-16,3.76
2019-12-17,0.00
2019-12-18,1.65
2019-12-19,3.42
2019-12-20,1.28
2019-12-21,0.00
2019-12-22,0.00
2019-12-23,0.00
2019-12-24,0.83
2019-12-25,0.00
2019-12-26,1.49
2019-12-27,0.00
2019-12-28,0.00
2019-12-29,4.26
2019-12-30,0.97
2019-12-31,1.54
2020-01-01,1.89
